ID,Answer
0,長劍
1,《諸羅縣志
2,袁晁率
3,柏林陸軍學院
4,長盤勝負
5,《血盟救國軍軍歌》認為是《義勇軍進行曲》的「母本
6,1889年
7,西漢的版圖向西擴張
8,芬尼
9,醜化對方
10,周星馳
11,秀吉
12,高架設計以配合高架路線
13,anticipation
14,2007年
15,硫化氫
16,休伯特•漢弗萊
17,外面的部份溫度會比內部核心的低
18,經濟
19,100公里
20,愛爾蘭語，在英語中也稱為[UNK]、[UNK]、[UNK][UNK]或[UNK]，因此在漢語中愛爾蘭語
21,荷蘭
22,硫化物
23,塞爾維亞反對黨
24,1861年
25,外交活動
26,拉丁文
27,猶太基督徒所寫，也就是在羅馬帝國統治下基督的猶太門徒。寫下路加福音和使徒行傳的路加，則經常被認為是例外。一些學者認為路加是希臘人
28,1974年
29,霍克菲爾德
30,文化大革命
31,《名人傳
32,灣仔
33,俗雲萬里石塘
34,一種無限制的、自私、而野蠻的競爭情況
35,1964年
36,新北市
37,小白宮
38,沒有
39,十丐
40,葡萄牙
41,大戰期間
42,46億年
43,1070年
44,社會保障法規
45,第一教學樓
46,1930年
47,全息照片郵票
48,1932年
49,大型購物中心[UNK]開幕後
50,康熙帝
51,美國哈佛大學
52,真實性
53,亞歷山大一世被刺殺
54,米利都
55,基督教
56,阿爾法版本
57,六大城市之一
58,新北市
59,愛心聖誕大行動
60,國王
61,中國國民黨
62,中生代侏羅紀
63,阿拉貢國王卡洛斯三世
64,熱帶雨林氣候
65,擴張與集權化
66,李宗仁
67,宋代
68,噴射發動機為動力，擺脫螺旋槳在接近音速時的上限
69,弘治十二年
70,中國
71,2010年
72,德意志聯邦共和國
73,氦
74,「傳教士的主保
75,交通運輸部
76,高麗大學校主樓
77,朱少文
78,羽柴秀吉
79,俾斯麥
80,金泳三
81,1958年
82,靈魂
83,科龍港
84,蓋爾人
85,四次重差觀測術
86,西漢元封二年
87,隋文帝開皇九年四月，隋滅南陳後，開始要求周邊國家為其臣屬
88,五胡君主
89,1861年
90,豐臣秀吉
91,三吳地區
92,鋼鐵和陶瓷
93,
94,武漢水利電力大學
95,蘇利南
96,1934年
97,檸檬酸咖啡因療法
98,1919年
99,1949年
100,大象
101,1915年
102,1600年
103,異裂。根據類型
104,美國
105,芝諾比亞
106,沈器遠
107,十
108,佛學論書
109,南區公所
110,歐登堡
111,三天
112,1944年
113,曼努埃爾二世
114,巴夏禮
115,哈林河
116,孟加拉
117,指揮家
118,中原
119,荷蘭語
120,威廉·洛厄爾·普特南
121,國務委員
122,阿拉伯人
123,
124,年僅8歲
125,重重
126,四百公尺，最小的坡14度最大的20度。當第一次比賽時，賽完全程的改良式老爺車到達終點時，剎車部份的剎車油已在下坡猛剎時被用得精光，冒出陣陣白色的濃煙!為了紀念這一次比賽，從此泰馬派山的這條防火山道便被命名為瑞派克路
127,1966年
128,害怕德軍在東線戰線上沒有足夠兵力應付俄國
129,福建林家
130,用來運貨
131,民主黨得益
132,西人黨
133,2013年
134,通往
135,查莫洛人
136,杭縣
137,蘇聯國旗
138,兩波
139,1939年
140,高速攝影、間諜氣球開發
141,點石齋畫報
142,南越地區
143,1988年
144,上吊方式
145,喬治麥高文
146,吳有性
147,
148,勃艮地人
149,德蘇戰爭
150,髒層
151,女性
152,1951年
153,就業保障制度
154,清光緒十七年
155,[UNK]，但他發現colossus在古希臘文中意為「雕像
156,社會上的強勢控制
157,未經國聯批准下合併
158,乙醚
159,唐太宗
160,卡爾梅克人
161,1969年初
162,63位
163,天主教阿爾巴諾羅馬城郊教區主教
164,古希臘時代
165,[UNK]
166,填海
167,孫中山
168,農業
169,
170,1870年8月2日
171,1999年
172,《天淨沙》
173,二次大戰
174,公元68年
175,趙佗創立南越國，中山屬南越國
176,幾何學
177,岑智明
178,建立德意志帝國告終
179,公元前362年
180,創建強力政府
181,28歲
182,2000年10月
183,保加利亞
184,三大優點
185,10度
186,自由黨
187,蘇聯
188,波士頓
189,1992年
190,最先學習的技術
191,後箱館裁判所
192,明朝
193,文藝復興
194,2000年
195,2012年
196,考古
197,英國部族級驅逐艦
198,森林
199,阿森納女子足球俱樂部
200,多黨制
201,美食天堂
202,1920年
203,美元
204,多倫多
205,在軌道上驅動列車
206,彌爾
207,反貪污特警隊
208,艾瑪·史東
209,在時域上數學形式為連續函式的訊號
210,蘊含了北魏原型的高句麗佛教藝術展現了生命力與流動性
211,亞歷山大一世
212,威尼斯影展
213,熱帶
214,副熱帶季風氣候區
215,聯盟合作
216,海上疆界劃定
217,克孜勒
218,大躍進
219,好在歷史是人民寫的
220,美觀
221,中部科學園區
222,西部地區
223,1982年
224,1449年
225,部落最高領袖或皇帝
226,2500米
227,國立廣東大學
228,美國發明家
229,2006年
230,沒有
231,中國器官移植手術
232,元世祖
233,鄭芝龍舊部郭懷一為領袖的漢族移民
234,三倍
235,耗盡了核心的氫燃料，質量大於0.4太陽質量
236,颱風
237,2014年
238,1968年
239,世界第六
240,最能令人信服和終身受益的學習經歷
241,鋁土礦資源，但當地政府為保證烏江環境和生態，依然放棄開發沿烏江的鋁土礦
242,現代化建築
243,阿美族
244,黑死病
245,2013年
246,赫爾伯特·查普曼
247,據傳在與比提尼亞國王的性行為中處於被動地位
248,2001年
249,芝加哥公牛隊
250,溥[UNK]
251,副主席
252,
253,廣東省政府委員會
254,26.39億美元
255,1951年
256,
257,1984年
258,地面車站
259,下薩克森邦
260,法蘭西第二帝國
261,商業
262,20年
263,在地面雜訊中找出敵機的位置
264,哥白尼日心說
265,缺氧狀態
266,袁世凱
267,明朝
268,1848年
269,
270,1998年
271,共同民主黨
272,《南華早報》
273,
274,佛像
275,阿聯
276,交通基建
277,前線步兵師
278,田川氏
279,天狼星在東方地平線的出現
280,起搏細胞
281,1975-1985年
282,德語地區
283,離島機場
284,1237年
285,東羅馬
286,傅亮
287,荷蘭
288,美國律師協會
289,1658年
290,清代
291,美川王
292,梁啟超
293,日本
294,1998年1月1日
295,高自行
296,孟懷玉
297,鈣離子
298,383年
299,羅納爾迪尼奧
300,秦軍
301,火山活動
302,利奧三世
303,拉丁字母
304,提升飛機的飛行安全，降低因為鋼纜或者是滑輪等裝置失效導致失去控制的問題，對大型飛機相隔距離很遠的控制面也可以提高反應與效率，此外，還能夠減少重量與這些裝備使用的空間
305,抗氧化劑丁基羥基甲苯
306,軍事圍剿，以致爆發為期一月的中緬大戰
307,斯德哥爾摩
308,第三紀中新世
309,中華民國
310,高麗時期
311,靳雲鵬
312,1958年
313,協商會議
314,446種
315,曹魏故都智慧之旅
316,威廉港的貨櫃碼頭亞德港
317,布爾什維克革命
318,民主黨
319,邊沁
320,視錐細胞
321,1928年
322,跨越時間的交易方式
323,十多個
324,300美元
325,孔祥熙
326,大力發展體育事業
327,元世祖
328,燃油混合動力電動自行車
329,數學
330,亞熱帶季風氣候
331,
332,
333,朱一貴
334,飼養家畜
335,發球失誤
336,銃炮
337,1959年
338,1980年代
339,凱·艾維州長
340,東漢
341,1980年
342,拉丁文譯本，由耶柔米自希伯來文
343,第四心音
344,2010年
345,武漢
346,1868年
347,托土拉島
348,美國
349,改善處理館內大量的數據與資源的方法
350,越野時
351,
352,1972年
353,突厥
354,三菱重工業長崎造船廠
355,南斯拉夫人
356,管理不善的困擾，而現如今民主制度的恢復
357,硫礦
358,與丹尼索瓦人混血
359,忽必烈
360,中國
361,2000年
362,蝸牛狀
363,波蘭
364,1950年
365,韓國
366,維京戈達島
367,1964年
368,史都華中校
369,1910年
370,中亞地區
371,中亞新興大國花剌子模在沙阿摩訶末時期崛起
372,1958年
373,1928年
374,激進組織
375,巴爾的摩市
376,中華民國政府
377,社團部
378,分散了托爾金對學業的注意力
379,電子郵件
380,孔子
381,上海國歌紀念廣場
382,2005年
383,自願捐贈的規定模糊
384,伽利略
385,
386,雙循環泵
387,1809年
388,市場狹小而無法發展
389,民國36年
390,害怕德軍在東線戰線上沒有足夠兵力應付俄國
391,幅員遼闊
392,伯克制
393,擺脫螺旋槳在接近音速時的上限
394,國家起源說
395,路易·巴斯德
396,中部科學園區
397,
398,1991年
399,《三國史記》
400,第二次工業革命
401,突厥語
402,哈雷阿卡拉國家公園
403,坎貝爾
404,8小時
405,樂壇女王
406,民國16年
407,國立廣東大學
408,嘗試自殺
409,六億七千多萬美金
410,妖怪
411,專家
412,中文
413,礦水的酸鹼值
414,非常混亂
415,阿爾泰語系
416,清太宗皇太極
417,信陽市
418,7000名
419,准將
420,質量
421,科技
422,媽祖
423,東方帝國
424,批鬥會
425,20餘米
426,蘇丹南部
427,雲騎尉
428,好的稻苗
429,2005年9月
430,
431,那拉氏
432,辛酉政變
433,銅
434,統一企業
435,2456293.520833
436,生物學研究
437,陳誠
438,孫中山
439,德國單獨媾和
440,德國的進出口貿易
441,九一八事變
442,1978年
443,日本天皇
444,731
445,莫比爾
446,
447,農業方面，宋真宗時推行的占城稻在元朝時已經推廣到全國各地。農業生產繼續發展，1329年，南糧北運多達三百五十多萬石，說明糧食生產的豐富。這一階段，經濟作物也有較大發展
448,肺呼氣機制
449,五角星
450,潘諾尼亞
451,航海工業
452,阿29
453,摩托車
454,中國共產黨中央政治局常務委員會
455,1919年
456,一條簡單的直線
457,北京路
458,盟旗制
459,臺南州
460,腓力二世
461,大陸內陸區
462,冷戰期間
463,大滿貫男子單打比賽
464,中華人民共和國
465,保守派
466,網景公司
467,《全唐詩》
468,1911年
469,1982年開始的經濟開發五年
470,七年
471,友好國家
472,德國
473,陳奕迅
474,吳三連
475,1918年
476,米勒
477,1月8日
478,掃雷艇部隊
479,哈丹
480,多黨制
481,15年
482,
483,更早
484,東晉時期
485,線傳飛控在單純地以電路傳導飛控命令為基礎上開發，更重要的是可以有多部電腦介入飛控系統
486,光明星4號」衛星後，宣布全面中斷韓朝僅存的經濟合作項目開城工業園區
487,烏孜別克人
488,2555公里
489,國共內戰
490,[UNK][UNK]
491,茲維亞德·加姆薩胡爾季阿
492,避免造成路口交通不暢
493,多功能性
494,荀子
495,清朝
496,1935年
497,前半小時免費之補助
498,將過去兩個分離的系統的控制整合使用
499,中國政法大學
500,瓜拿納
501,二戰時期
502,高輻射
503,江戶時代
504,民國4年12月25日
505,西格里
506,1972年
507,實現共產主義
508,貝爾根
509,青蓮居士
510,靖難之役
511,美國《財富》2011年報導說，2010年韓國網速每秒流量為14百萬位元／秒，是全球平均網速的約7倍，而美國50個州中網速最快的德拉瓦州也只有韓國的一半水平，證明韓國在網路硬體環境方面的領先地位
512,低稅賦
513,小選舉區制
514,科索沃
515,抗議活動
516,自由放任
517,綠色工業
518,四年
519,段祺瑞
520,民主黨
521,中永和
522,1902年
523,蝸頂
524,
525,5.7
526,專門的操作人員
527,2002年
528,能溶於水
529,軍事冒險
530,學習維基媒體的頁面編輯工具被認為有挑戰性
531,整理遺產
532,沒有兩性的分化，在同一個生物體中可能同時有雄性及雌性的生殖器官
533,經濟建設
534,《中華民國臨時約法》
535,中國南方
536,愛國教育
537,帕吉勒提河
538,「西南美麗的地方
539,「天」的至高無上
540,開羅
541,1932年
542,許榮茂
543,民國四年
544,多倫多運輸局
545,
546,柵欄
547,1898年
548,法國民意
549,查爾斯
550,唐太宗
551,健康寫實電影
552,1956年7月
553,矮星
554,新生代
555,伊爾庫茨克國立大學
556,鐵木真
557,9347人，比2008年再增504人
558,1789年
559,兩個
560,臺灣省臺北市
561,大韓民國成立後
562,藝聲
563,中共中央紀委副書記馬[UNK]
564,總兵官
565,阿普列尤斯
566,高速線哈大客運專線
567,漢風魏韻
568,應用科學，麻省理工的自然科學
569,反文化運動
570,英國
571,宗
572,轟炸機
573,小型雷達測距儀追蹤目標的距離，協助飛行員找到最佳射擊時機，提高一般飛行員的命中率
574,義大利
575,中世紀
576,大腦聽皮層
577,刺史
578,18個
579,至元二十九年
580,多數派
581,
582,陶瓷
583,1980年代
584,俄國
585,路易斯安那
586,1930年代開始工業發展，包含機械工程、紡織、食品工業等等，另一方面1918年
587,用於西北軍務
588,9年
589,玫瑰盃[UNK]
590,1941年2月1日
591,101公里
592,國務院常務會議
593,20倍
594,喬治亞共和國
595,1943年
596,
597,分娩的第二階段，小孩會從陰道被排出子宮
598,聯邦制
599,韓國
600,氯仿
601,希臘
602,瀕危物種
603,越戰
604,公民權
605,智慧地使用冷氣
606,極端大陸性氣候
607,金華。民國二十七年初又遷至永康方巖
608,1928年
609,[UNK]段。而加密方式
610,霍布斯
611,1897年
612,軍事營鎮
613,中國人民銀行籌備處
614,市場分析
615,滬寧鐵路上海站
616,2006年
617,家庭喜劇片
618,同性婚姻
619,
620,反對建文帝削藩
621,建築學院
622,史彌遠
623,社會民主黨，9位來自自由民主黨
624,傳播色情
625,電穿孔細胞
626,哈大客運專線
627,第五區
628,最古老
629,1982年
630,漢武帝
631,大田圈
632,企圖分裂中華民國
633,教皇駐地
634,西方文明開始衝擊朝鮮半島
635,東晉常[UNK]
636,1936年
637,預言的迷信
638,星空觀測
639,五桂山
640,日本竹[UNK]魚、真鯛
641,嘉義市
642,製造業
643,29個
644,27年
645,10月23日
646,人傳》
647,元音
648,第二次世界大戰
649,5000噸級
650,君士坦丁堡
651,2015年年底
652,古漢語
653,22年
654,阿列克修斯三世的女婿阿列克修斯·杜卡斯
655,尼安三世
656,印度次大陸
657,1937年
658,1964年
659,世宗大王時期
660,油氣開發
661,外太空
662,嘉靖帝
663,阿圖什地方
664,第一區
665,1925年
666,照射紫外線
667,九一八事變
668,春秋時
669,
670,
671,1899年
672,牟定縣
673,清朝
674,中央窩
675,利奧三世
676,殖民主義
677,
678,170千米
679,80公尺
680,積極性
681,麥克萊倫
682,赤城鎮政府街1號
683,內層
684,羅非魚
685,潘普洛納
686,水質好
687,1848年
688,《諸羅縣志》
689,杜林
690,第265任
691,決勝局開始時
692,39年
693,德國財政局
694,傑伊條約
695,超新星
696,全斗煥
697,2007年
698,蓋爾人
699,索馬利亞政府司法系統
700,382年
701,軍隊編制問題
702,劉銘傳
703,韓國
704,過境時
705,何韻詩
706,1923年
707,畢達哥拉斯
708,2009年
709,湘西土家族苗族自治州
710,許貢
711,不含可可鹼
712,北魏孝文帝
713,鄭成功
714,經由雙方協商取得共識
715,醫學領域
716,《新基本法令》
717,1962年
718,太宗即位之初
719,國民黨
720,奧匈帝國
721,俄羅斯
722,白矮星
723,咖啡因
724,[UNK]騎大將軍司馬元顯下令討伐荊州刺史桓玄，並以劉牢之為前鋒。桓玄率軍兵臨建康時，劉裕請求進攻，但劉牢之不肯，反而想叛歸桓玄。劉裕當時與何無忌
725,階梯狀
726,漳州人
727,6個小時
728,1866年
729,良好行為
730,郭沫若
731,90年代
732,金日成
733,第一
734,威廉·莫里斯
735,西班牙瓦倫西亞
736,1787年
737,朱元璋
738,復仇
739,1898年
740,守舊派
741,中華人民共和國
742,王妃
743,中生代
744,史達林
745,中國共產黨
746,修改國會選區
747,抑制人口增加而實行的計劃生育
748,蘇聯遠東軍
749,內閣組成單位
750,維多利中心
751,恆星
752,就地掩埋稻草，除不會製造空氣汙染外，尚可加強土壤的養份
753,推行反共政策
754,2.7％
755,日本
756,分子雲內部
757,鮮卑部落
758,
759,1918年
760,1939年
761,東三省巡閱使衛隊旅旅長
762,巴黎條約，西班牙於1898年12月10日將關島割讓
763,1970年
764,威斯康辛大學麥迪遜分校
765,乾燥
766,麻赫穆德·喀什噶里
767,奢侈品
768,資格賽賽制
769,周昂駿
770,民國16年
771,13世紀
772,文憲王
773,周恩來
774,馬略
775,至元十三年
776,妖怪
777,70年代
778,圖西族
779,聖餐持紀念說
780,自殺罪
781,《三國志
782,發現者
783,長沙太守
784,凝固
785,2002年
786,上海
787,比利時
788,濃硫酸
789,科學探索
790,兄弟國的盟約
791,
792,硫礦
793,1979年
794,義大利
795,農業
796,卡拉恰伊湖
797,宋理宗
798,東羅馬帝國
799,廣州，僅總統府仍留守南京
800,共和黨
801,日本
802,二戰的爆發
803,1976年
804,上海
805,1949年
806,麻省理工學院
807,階級社會
808,1946年
809,礦產資源
810,1449年
811,1970年
812,隆武帝
813,第一次世界大戰
814,孫叔敖
815,托爾金
816,雙汗制
817,265任
818,民權運動
819,中華全國體育總會
820,外在的因素造成光度的變化，像是食雙星，還有極端的情形是由恆星自轉
821,迎合觀眾的需求
822,1939年
823,《產假和保護婦女兒童權利法》
824,菲律賓富商工作的工資遠高於在港工作
825,中華民國國軍
826,高句麗
827,人民頻繁的遷移
828,公元7世紀
829,嚴密
830,保證共和派控制國民議會
831,匈牙利
832,1979年
833,高句麗
834,寧都會議
835,捷運機場線等國際工程實施
836,太陽
837,1941年
838,文化人類學
839,1987年
840,待在社福機構
841,黃河
842,關漢卿
843,汪精衛
844,陳平順
845,主序帶上恆星
846,厄德
847,整個站體都位於天橋上的車站
848,2007年
849,外蒙古等五國申請加入聯合國
850,青銅時代
851,天皇
852,北韓
853,德國人
854,2014年
855,羅馬帝國
856,自身的重力
857,第一目擊者
858,生物演化發生
859,1988年
860,朝鮮
861,朱載[UNK]
862,法國法官
863,法文老師
864,阿瓦魯阿
865,廉興
866,基因特質
867,印地語
868,教宗
869,康熙帝
870,土地起伏大
871,第一胎
872,民國43年
873,地質類學科專業
874,中國科學技術大學校長管惟炎、中國科學技術大學副校長
875,咖啡因
876,倫提尼安一世
877,2000年6月
878,高速公路形成的「一日生活圈」變成了「半日生活圈
879,美西戰爭
880,尊漢思想
881,蒂羅爾
882,宙斯
883,線上服務需求不足
884,1910年革命
885,洛邑
886,
887,杜慧度
888,憲政改革
889,英國
890,斯塔福德郡
891,義熙十四年
892,周恩來
893,2002年
894,復讀生
895,人類想像與傳說之中，難以運用科學方法證明其真偽
896,東德使館
897,波蘭首都及最大城市，位於維斯拉河兩岸，距波羅的海和喀爾巴阡山脈大約350公里。2008年人口數字為1707983人，都市圈人口大約2785000人。城市面積512平方公里，都市圈面積12266平方公里。冷戰時期
898,1989年
899,重力
900,細胞膜對質體[UNK]可透過
901,歐洲人馬可波羅
902,新羅馬
903,上海鐵路局
904,離岸人民幣
905,《倫敦條約》
906,路德的德語聖經
907,自主選擇權
908,大質量的恆星燃燒燃料
909,
910,120天
911,1950年代
912,文藝復興運動
913,性犯罪
914,哥德式
915,楚州人
916,1590年
917,1989年
918,埃姆斯蘭到博特羅普
919,柏林國際廣播電台
920,最遙遠
921,1584年
922,繁華景象
923,媒體維基
924,現實生活
925,2000年
926,67個
927,12月5日
928,2000年
929,波蘭
930,黑龍江
931,私立大學
932,
933,為早期韓國華僑的聚集所在
934,石虎
935,林紹良
936,李準
937,中國以外的其他國家借鑑過來的詞語，以英語
938,[UNK]稻
939,宋真宗
940,絕對值
941,美國聯邦調查局
942,9月
943,其副汗或小汗多帶有伊利的的稱號
944,溥[UNK]
945,路易十四
946,美國次貸危機引發的全球金融危機襲擊韓國
947,0.07個太陽質量
948,閩南人
949,28年
950,李煥之
951,公交線路
952,核膜間隙
953,石排灣
954,正教
955,八角鼓
956,對德國的一種羞辱
957,文化大革命
958,1642年
959,徐載弼
960,蒙哥
961,猶太人
962,芝大
963,船業
964,減低阻力
965,紐格威森林
966,2012年
967,斐迪南·德·雷賽布
968,戴克里先
969,166年
970,科學
971,市場經濟
972,1963年
973,亞歷山大六世
974,1919年
975,悼念周恩來集會
976,20世紀60年代到70年代初
977,1958年底
978,西晉
979,涵元殿
980,郭沫若
981,漢文
982,12次
983,科學社會學
984,1138公頃土地
985,《中華人民共和國村民委員會組織法》
986,荷蘭
987,聯合國專家
988,打破香港華語片票房紀錄
989,內陸地區
990,國大黨
991,白[UNK]紀滅絕事件
992,毒品
993,異端邪說
994,1252年
995,元朝
996,1932年
997,1972年
998,新式鐵製蒸汽船
999,文森特
1000,環境保護主義
1001,詹姆士·麥迪遜
1002,1946年
1003,工農紅軍
1004,造船業
1005,1991年
1006,印第安納大學公共環境事務學院在公共事務學院中和哈佛大學甘迺迪政府學院
1007,矮星
1008,焦慮的無法工作，並且相信敵基督將會出現
1009,法蘭西第五共和國建立時
1010,亞歷山大漢密爾頓
1011,中國大陸
1012,1960年
1013,黨委員長
1014,紐約尼克
1015,預付
1016,街區
1017,2.9萬光年之間。星系的質量
1018,第二代
1019,匈奴
1020,17日
1021,貴族
1022,工程化核酸酶
1023,伊薩克二世
1024,統帥
1025,外部刺激
1026,麥克阿瑟元帥
1027,臺灣本身財政負擔
1028,武漢行營副主任
1029,躲避戰亂
1030,朝鮮半島
1031,1985年
1032,狄拉克
1033,落實外交政策
1034,1826年
1035,漢字詞
1036,老三人團
1037,舊石器時代中期
1038,166年
1039,荀子
1040,集團軍
1041,半日制學堂
1042,不透明的
1043,愷撒
1044,韓語
1045,
1046,佛教
1047,烏爾蘇拉
1048,1980年
1049,印度次大陸位於印度-澳洲板塊中的次板塊印度板塊最北部。南方超大陸
1050,以後走向統一
1051,挪威
1052,越戰
1053,軍事介入失敗，馬西米連諾遇害，令拿破崙蒙羞
1054,南華縣
1055,英國
1056,李紳
1057,路面電車
1058,四帝共治制
1059,1060公釐
1060,1939年
1061,敵
1062,荊州劉表
1063,慶元
1064,軍事委員會北平分會副委員長
1065,英美法系
1066,石油危機
1067,秦朝與漢朝
1068,峽灣
1069,1920年
1070,硫代硫酸氨
1071,漢字借音
1072,390萬人
1073,
1074,1627年
1075,區域性污染
1076,美屬維京群島和西班牙維京群島
1077,唐生智
1078,夏季
1079,臺灣新北地方法院
1080,戴克里
1081,6世紀
1082,98所
1083,甘肅省
1084,單數局
1085,2008年，被河北省人民政府批准為「省級歷史文化名城」
1086,義大利耶穌會
1087,
1088,破四舊
1089,三次
1090,獲得大寧地區的駐牧權
1091,俗語
1092,郭松齡
1093,毒性
1094,雲南省第二殖邊督辦公署
1095,17世紀初之明朝時期
1096,1967年
1097,
1098,1932年
1099,吉田定房
1100,世稱恭順
1101,乾燥空氣
1102,抗日戰爭
1103,財產資格限制
1104,南越國
1105,汗位取得不合法
1106,奧東·德拉羅什
1107,灣仔北
1108,帕塔普斯科河
1109,1945年
1110,義熙十一年
1111,政府資助研究項目
1112,芬蘭的赫爾辛基
1113,《男人四十》
1114,羅馬帝國
1115,1801年
1116,日俄戰爭
1117,邱行湘
1118,合會朱陸
1119,幾個
1120,阿拉伯半島
1121,塞爾維亞政府達成協議，由尼科拉·帕希奇出任首相。然而，攝政王亞歷山大一世
1122,加州尤巴城
1123,爵位
1124,天下人
1125,中華民國
1126,提姆·柏內茲李
1127,朱序
1128,價水平上漲
1129,考察中國教育狀況
1130,1992年
1131,康拉德·阿登納
1132,
1133,聖奧古斯丁
1134,公元185年
1135,弱勢群體
1136,大正天皇
1137,西區圖書館
1138,中國歷代
1139,德川家康
1140,林肯得以主導戰爭
1141,中華人民共和國衛生部
1142,強調人人平等
1143,斯拉夫人
1144,第4
1145,聯邦制
1146,1799年
1147,加勒比海
1148,瑞士蘇黎世州
1149,七月初四
1150,英國
1151,二層
1152,民國19年
1153,1948年12月1日開始發行
1154,分散了泛國民黨支持者的票源
1155,2次
1156,
1157,七個
1158,劉少奇
1159,卡加梅
1160,93位
1161,
1162,2010年
1163,報導企業資金動向的現金流量表也獲得許多企業經營者的重視，將之列為必備的財務報表
1164,自然
1165,海軍中尉
1166,德川家康
1167,空射火箭
1168,1836年
1169,農業省敘利亞
1170,遠超上海
1171,德里克·羅勃茲
1172,伊斯蘭教
1173,地球生態系統服務對人們的恩典
1174,哥廷根亨德爾國際音樂節
1175,滬昆高速公路
1176,繼續懷孕會有危險時
1177,法國
1178,歐德謨
1179,本頓
1180,通州張家灣
1181,適合全家人一起觀看
1182,《血盟救國軍軍歌》
1183,
1184,聽診器
1185,現代城市塑造了輪廓
1186,唯泰主義
1187,8200年
1188,《海峽兩岸服務貿易協議
1189,阿速特部首領阿魯台
1190,自由主義
1191,1874年
1192,衝動排放的組成是具備必要條件
1193,雑煮
1194,李克強
1195,河東道
1196,挑戰
1197,希波丹姆
1198,自然環境
1199,西方建築開始傳入韓國。西方和日本
1200,國共合作
1201,63個
1202,46公里
1203,十六世紀
1204,帕多瓦大學
1205,八千多年
1206,吉隆坡
1207,1891年
1208,農業生活
1209,發展局
1210,極端稀薄
1211,北京電視台
1212,[UNK]州縣實際解散
1213,1917年，俄羅斯帝國爆發了十月革命
1214,英國
1215,美國大學協會
1216,中國教育狀況
1217,郭松齡
1218,開京
1219,美國大蕭條時期
1220,愛育黎拔力八達有功，冊封他為皇太弟，相約武宗系與仁宗系交替稱帝，即武仁之約。元武宗時期，加封孔子為「大成至聖文宣王」，並給予孔子的家族與弟子一些稱號。為了解決元成宗時期的財政危機
1221,騎士
1222,明文
1223,蔣介石
1224,全印穆斯林聯盟
1225,受通古斯人壓力
1226,喇嘛教
1227,鎌倉時代
1228,
1229,建設中國特色社會主義
1230,劉裕則一
1231,阿里烏教派的宗派或異端。因此，「真正」基督教會
1232,鮑德溫伯爵
1233,佛教
1234,中世紀時期
1235,東正教
1236,
1237,鄧小平
1238,米洛舍維奇
1239,武陵
1240,殺蟲
1241,法國大革命
1242,自由韓國黨
1243,否決權
1244,二十世紀
1245,積極進攻
1246,積體電路
1247,1898年
1248,義大利汽車之都
1249,液冷式發動機
1250,細胞膜
1251,在軌道上驅動列車
1252,聖喬治拉丁文學校
1253,23年
1254,1948年12月1日
1255,仁宗系
1256,戊寅靖社
1257,魏博拉盧比民達行業工會
1258,上奉山背跑馬嶺新石器時代晚期遺址最著名
1259,繁衍後代所需基因物質產生的方式
1260,尚吉巴
1261,瓊州海峽
1262,安德魯約翰遜繼任總統，雖然約翰遜
1263,普林斯頓大學
1264,83年
1265,釣魚台國賓館
1266,伊達政宗
1267,發展出來
1268,民國3年
1269,美國聯邦儲備委員會
1270,希洛克勒斯
1271,班傑明·富蘭克林
1272,
1273,第二代
1274,日美神奈川條約
1275,北京市西城區宣武門西大街131號辦公樓召開最後一屆全體機關幹部大會，宣布留任國家郵政局的具體人選；11月28日，重組後的國家郵政局
1276,無晶態
1277,哈利里德
1278,低可偵測性
1279,柏拉圖
1280,波蘭
1281,
1282,英祖四年
1283,改良式腳踏車
1284,《那一夜，我們說相聲》
1285,二人
1286,1830年
1287,
1288,1910年
1289,認知科學
1290,廣州話
1291,傑瑞·威斯特
1292,粳稻
1293,挪威
1294,1800個
1295,中國郵政集團公司
1296,軍隊士氣低落
1297,「我們是一個民族！
1298,古希臘人
1299,福島縣會津地區
1300,1989年
1301,土地銷售
1302,猶太人
1303,費城76人
1304,希望繼承法國國王王位
1305,牡丹峰樂團
1306,印度
1307,3座
1308,周敦頤
1309,藝術家殖民地
1310,朱利烏斯·凱撒
1311,豫
1312,1919年
1313,1.33%
1314,文言文
1315,排灣族
1316,洛克菲勒紀念教堂
1317,普選制度
1318,世宗大王
1319,
1320,1995年
1321,左派黨
1322,水田
1323,內容差異大
1324,488年
1325,病態賭徒
1326,全國人民代表大會
1327,外太空
1328,周敦頤
1329,蒙疆聯合自治政府
1330,荷蘭
1331,1905年
1332,美國
1333,鐵
1334,拿破崙
1335,廣東省
1336,南加大
1337,羅馬法
1338,心理學
1339,希臘
1340,拉丁字母
1341,
1342,詹姆斯·史都華
1343,聯邦和各成員單位的雙重國籍
1344,24英吋克拉克望遠鏡
1345,生物質
1346,秘書處
1347,就地掩埋稻草，除不會製造空氣汙染
1348,2300多種
1349,類比訊號
1350,回族
1351,視錐細胞
1352,人口眾多
1353,威廉二世
1354,遵義會議
1355,法學部的瀧川幸辰教授在其著作《刑法講義》、《刑法讀本》中，對於《通姦罪》只適用於妻子一方的法律提出批判。瀧川
1356,君士坦丁大帝
1357,國際網球總會
1358,8月26日
1359,阿爾法版本
1360,朱棣
1361,外交手段
1362,1887年
1363,
1364,畢達哥拉斯
1365,2010年世界盃
1366,1918年
1367,[UNK]分數
1368,司馬文祖
1369,有系統統治的政權
1370,大韓帝國
1371,2012年
1372,電穿孔細胞可將[UNK]摻入其基因組
1373,印度洋暖濕氣流
1374,太白山脈
1375,外蒙主權
1376,速度
1377,民國十八年至二十六年間
1378,太白山脈
1379,一萬兌一比率
1380,10名
1381,東北停戰協定
1382,1996年
1383,1985年
1384,18世紀
1385,顯示自己的獨立自主
1386,公元前三世紀
1387,九龍灣
1388,1971年
1389,17世紀
1390,牛津大學默頓學院
1391,庭園營造大師
1392,泰國
1393,1914年
1394,越來越受國際注視
1395,2300多種
1396,對能源的需求持續增長
1397,外傭
1398,40倍
1399,1958年
1400,白色
1401,1856年
1402,庄[UNK]遠征到達滇池地區，由於秦國打敗了楚國，無法回國，而被迫留在滇池以南地區，變服從其俗，建立了滇國。前109年，漢武帝
1403,「反革命事件
1404,王光美
1405,理察·科伯恩·麥克勞林
1406,西德
1407,1624年
1408,15%
1409,江青
1410,奈及利亞
1411,美國
1412,1979年
1413,
1414,農田
1415,人文風情
1416,年老
1417,1973年
1418,無嗣失權
1419,南開中學
1420,科學家
1421,10萬人
1422,元成宗
1423,抗佝[UNK]病維他命
1424,馬來-玻里尼西亞語族
1425,7
1426,彗星
1427,政治權力
1428,顯性文明
1429,元代
1430,43人
1431,限制性消化
1432,劉氏
1433,伸展台模特兒
1434,兩層
1435,志費尼
1436,中國共產黨
1437,《鋼鐵是怎樣煉成的》
1438,1994年12月1日
1439,最高榮譽大獎
1440,錫克教
1441,1986年
1442,《安邦定國誌》，是約翰·福特生平最後第二部
1443,水上人漁民，源自遠古百越族
1444,省級公園
1445,哈利里德
1446,伊斯蘭教
1447,徐樹錚
1448,明太祖
1449,
1450,熱帶加勒比海島嶼
1451,對空警戒以來，相關研究
1452,外國不可能介入內戰
1453,南朝鮮
1454,古代查莫洛社會
1455,國民自立的制度
1456,日本
1457,大學
1458,九龍灣設置總部，包括機電工程署總部大樓
1459,衡陽鐵路局
1460,佛教
1461,陳朝
1462,11000間
1463,有色人種
1464,共產國際
1465,漢諾威
1466,中央電視台高清綜合頻道
1467,避免兩線作戰
1468,《蘇蒙修好條約》
1469,史學
1470,心內膜墊
1471,1662年
1472,1884年
1473,第二
1474,俄羅斯
1475,伍斯特
1476,[UNK]總能量
1477,社會主義市場經濟
1478,隋[UNK]帝
1479,澳洲大陸
1480,正德十一年
1481,戰敗
1482,加拿大耶穌會神父負責徐州教區。匈牙利耶穌會神父負責大名教區。奧地利
1483,布拉馬普特拉河
1484,英國廢止劃分孟加拉
1485,沙俄軍隊
1486,200萬立方公尺
1487,黑龍江
1488,2003年
1489,北角
1490,新界原居民
1491,蔣中正
1492,大和國
1493,佛教
1494,頻率理論難以解釋人而對聲音頻率的分析
1495,有性生殖
1496,黑色
1497,母親病危
1498,兩德統一
1499,鬍鬚狀
1500,阿拉巴馬州
1501,安太歲
1502,[UNK]-15戰鬥機
1503,第265任
1504,用作客車整備
1505,1980年
1506,1958年
1507,納戈爾諾-卡拉巴赫
1508,產生後代時
1509,路易斯一世
1510,《時代》雜誌
1511,極權主義
1512,斯特-立陶夫斯克條約》
1513,路易·勒沃
1514,蘇聯
1515,後燃器
1516,曼諾球場
1517,東吳
1518,愛德華一世
1519,沒有花瓣
1520,民國二年
1521,歧視情況而很不快樂
1522,上海
1523,蓋茲
1524,陸秀夫
1525,華人的國家，而兩者的華人都是來自廣東和福建，唯一分別的是新加坡主體為福建人
1526,科索沃
1527,辦外交
1528,鄂溫克
1529,1897年
1530,巴拉克·歐巴馬
1531,2003年3月4日
1532,從當代生活的研究與消費者的需求來引導設計，並從市場分析和產品規畫來界定產品參數
1533,這些決策局的重組方式
1534,杭州[UNK]橋機場
1535,勃艮地人
1536,興登堡元帥
1537,管理所屬行政區域的地方官員
1538,興王
1539,衛奕信
1540,量化的
1541,2009年
1542,文物
1543,忽必烈
1544,花垣縣
1545,未來以任何方式著陸埃歐的探測器都不需要安裝隔熱板來保護儀器
1546,惠金斯原理
1547,松花江
1548,在位於波士頓的校園內開班。這所新院校的使命乎合土地撥贈法案
1549,435名。眾議員任期兩年
1550,2010年
1551,維護其典章制度
1552,喬托號
1553,減少死刑
1554,烏里雅蘇臺將軍
1555,拿破崙為「社會主義皇帝」。聖西門主義
1556,1949年
1557,蔡[UNK]
1558,德國
1559,《刑部大理寺狀》
1560,澳大利亞新南威爾斯州
1561,太陽運動
1562,聖方濟·沙勿略
1563,羅馬共和國時期
1564,綠色的稻穀上有細毛，稱為稻芒。由外而內分別有稻殼、糠層、胚及胚乳
1565,韓國
1566,雅各福群會
1567,盧安達
1568,一次
1569,五個
1570,張三祿
1571,15世紀
1572,文藝喜劇片
1573,劉琮
1574,高血壓
1575,後秦
1576,國務院常務會議通過中國郵政「政企分開、郵儲分離、完善機制」的體制改革方案
1577,保護環境、推進生態環境健康的寬泛的哲學、意識形態和社會運動，這種健康特別是指包含非人類因素的問題
1578,城市物質形態
1579,環境保護主義
1580,773年
1581,北京市懷柔區
1582,七間
1583,民間反應不佳
1584,光緒十年
1585,1950年代
1586,西班牙
1587,荷蘭
1588,肌源性
1589,加拿大
1590,七個
1591,安定
1592,西德
1593,乾旱
1594,七卷
1595,新北市
1596,甲午戰爭
1597,政府採取反共措施
1598,1910年
1599,
1600,1935年
1601,四角號碼檢字法
1602,8.6%
1603,浙江海商
1604,阿根廷
1605,歐洲聯盟委員會
1606,襯托祠祀的有效手法；人們感到大片蒼翠濃郁的柏樹林，在祭祀時候增加人們的肅穆感
1607,法國
1608,加加林
1609,七年戰爭
1610,100米
1611,咖啡因中毒
1612,國民政府
1613,漢江
1614,毒
1615,社會主義
1616,學權部
1617,1993年
1618,射擊斷續器
1619,5位
1620,芽孢炭疽桿菌
1621,1968年
1622,金代
1623,百老匯
1624,1988年
1625,果敢
1626,英國
1627,耶穌會
1628,冷戰期間
1629,鐵鉉
1630,傑里·威斯特特
1631,《義勇軍進行曲
1632,棉花
1633,卡洛·埃馬努埃萊一世
1634,郭沫若
1635,遊牧民族
1636,先來後到的土地分配衝突
1637,自身
1638,勒拿河
1639,厄德
1640,羅馬共和國中後期
1641,當時儒教興盛
1642,對英態度強硬，拒絕承認扯落英國國旗、不賠償、不道歉，只答應放人。此舉令英國方面極為不滿
1643,奧斯陸
1644,蒸汽輪機
1645,高速線哈大客運專線
1646,山茶
1647,1937年
1648,普法戰爭
1649,奧東·德拉羅什
1650,約翰·莫根
1651,耐腐蝕性
1652,1835年
1653,咖啡因
1654,特殊黨員
1655,1972年
1656,宿衛軍
1657,汪精衛
1658,體育部
1659,晶體形式：斜方晶八面體和單斜棱晶體
1660,直系
1661,水牛城
1662,孫中山
1663,七月二十四日
1664,瓦倫本哥國家公園
1665,殖民政策
1666,[UNK]染色體，而雌性會有[UNK]染色體
1667,
1668,16世紀
1669,大陸性氣候帶
1670,半的生殖細胞
1671,猶太人
1672,孟郊
1673,佩德納萊斯河，德克薩斯州石牆郡
1674,皖系軍閥
1675,楚州人
1676,1964年
1677,1967年
1678,主人
1679,哲布尊丹巴
1680,
1681,將原「布政司署」改稱為「政府總部
1682,1861年2月9日
1683,3月3日
1684,既有的漢字
1685,安托萬·拉瓦錫
1686,伊斯蘭教
1687,壓力梯度產生向外的壓力
1688,周文公
1689,人民議院
1690,重要的財源
1691,務農
1692,皖浙贛獨立團
1693,德川家康
1694,經濟蕭條
1695,世族
1696,1853年
1697,大陸
1698,民國34年
1699,1270年
1700,動力系統
1701,三個
1702,香山縣南朗翠亨村
1703,俄羅斯
1704,庄[UNK]
1705,江河級
1706,1996年
1707,21473平方公里
1708,傳教士
1709,颶風
1710,世界氣象組織
1711,商業貿易
1712,海河流域
1713,旭烈兀
1714,700家
1715,中國溧陽茶葉節
1716,全市綠化比例高
1717,收到十二道金牌班師回朝之時自稱「十年之力
1718,澳大利亞
1719,和林哈拉
1720,民國三十六年11月21日至23日依憲法規定舉行第一屆中華民國國民大會代表選舉，民國三十七年1月21日至23日則舉行第一屆中華民國立法委員選舉；同年3月29日
1721,7980年
1722,2010年
1723,青島海軍基地
1724,西涼
1725,銷售像是月票或套票之類，比較特殊的車票
1726,周恩來
1727,波蘭進入戰時狀態，實行軍事管制
1728,西方遊客
1729,視網膜神經節細胞
1730,馮國璋
1731,宋美齡
1732,中華人民共和國
1733,第二次世界大戰
1734,1964年
1735,白光
1736,蔣中正任命陳誠
1737,1966年
1738,奈特·麥克米蘭
1739,無佛像時代
1740,1977年
1741,白色
1742,自由聯合
1743,2000年
1744,英國
1745,受到大多數的專家的批評，認為它違反《憲法》、《立法法》、《行政處罰法》及中國簽署的國際人權條約，使公民的人身權利不經審判被剝奪，同時沒有救濟的渠道
1746,《劃一現行各道地方行政官廳組織令》
1747,高朱蒙
1748,第二次世界大戰
1749,蒸汽膨脹
1750,隋[UNK]帝
1751,副熱帶季風氣候區
1752,日本
1753,美國心臟學會
1754,大英帝國
1755,《八篇書》
1756,俄國
1757,阿爾薩斯-洛林亦回歸法國。什勒斯維希-霍爾斯坦
1758,路易十四在腓力五世即位後的行為加劇了英格蘭王國、荷蘭共和國和奧地利方面的恐懼。首先，路易十四
1759,合作派
1760,思覺失調症
1761,泰晤士河爆發大惡臭，打破倫敦早期水質記錄
1762,10
1763,1990年代
1764,波斯民間傳說中與伊蘭人世代爭鬥的圖蘭人英雄阿弗剌昔牙卜
1765,24%
1766,高麗國
1767,後現代主義
1768,1828年
1769,用來建立超連結到其他維基頁面的語法
1770,大會
1771,西安招待所
1772,西元幾年
1773,湯瑪斯傑佛遜
1774,二年
1775,郵值標籤
1776,席哈克略皇帝
1777,1989年
1778,希臘的宙斯
1779,農耕節
1780,俄國革命
1781,制衡德軍
1782,李[UNK]
1783,開局
1784,敵我矛盾
1785,動物命名法
1786,
1787,10
1788,會稽
1789,英國
1790,木衛一
1791,愛滋病毒
1792,1993年
1793,外蒙古
1794,張聞天
1795,不再建立便宜
1796,法家
1797,五個
1798,通古斯地區過於偏遠
1799,安大略湖
1800,肉
1801,漢語
1802,劉駿
1803,流經喜馬拉雅山區峽谷約250公里的河段後，於瑞詩凱詩結束峽谷河段
1804,浮動匯率
1805,英國
1806,詹姆斯·史都華
1807,所有制社會主義改造
1808,59歲
1809,現役的機種同時擔負攔截
1810,1928年
1811,5個
1812,[UNK]
1813,曼哈頓
1814,清咸豐年間
1815,君士坦提烏斯
1816,中華民國政府退守臺灣，一批相聲演員
1817,遺傳因子
1818,甲醇
1819,太祖王
1820,牛隻列印問題
1821,美國
1822,緬懷南宋故國
1823,中華人民共和國
1824,1591年
1825,1941年
1826,細胞核
1827,將閥門的操作自動化
1828,發生十月革命
1829,俄羅斯
1830,參與到以空前的高調呼籲對毛的個人崇拜的浪潮
1831,選舉人數超過三百萬
1832,1943年
1833,多倫多市的面積約630平方公里，位處安大略湖的西北岸，約有46公里長的湖岸綫。多倫多市西臨密西沙加市，北鄰旺市和萬錦，東接皮克靈市。多倫多市屬於安大略省的一級行政區
1834,顯性文明
1835,超過9倍太陽質量的大質量恆星會膨脹
1836,愛倫·坡
1837,純的硫是黃色的晶體
1838,資產負債表
1839,德川家康
1840,日本
1841,−26.7
1842,有「新臺北／臺北／北部新設之市」的涵義
1843,南朝鮮
1844,1789年
1845,漢諾瓦國立劇院
1846,泰勒斯
1847,32.8%
1848,不簽署條約
1849,鮑羅廷
1850,杜林
1851,金合歡
1852,13倍
1853,黃埔軍校
1854,《大唐三藏取經詩話》
1855,1932年
1856,1970年
1857,雲南
1858,14世紀末
1859,電子郵票
1860,儒字
1861,突厥
1862,東非國家
1863,俄羅斯帝國發生了布爾什維克革命，退出了第一次大戰。馬克思主義的興起引致俄國
1864,成熟階段
1865,把這些心找回來
1866,
1867,1950年代
1868,法國
1869,湯·韋迪加
1870,托木斯克州
1871,奧東·德拉羅什
1872,民用航太
1873,706萬
1874,一夫一妻多妾制
1875,腓特烈二世
1876,義大利
1877,2000年
1878,林肯總統
1879,製導
1880,路易-菲利普
1881,軍人
1882,相聲
1883,強調人人平等
1884,1865年
1885,周叔蓮
1886,1924年
1887,德國財政局
1888,200萬立方公尺
1889,楊宇霆
1890,法國
1891,詹姆斯·梅特蘭·史都華
1892,周恩來
1893,清朝沒有誠意
1894,環境污染
1895,藍營
1896,職人員、世俗貴族和富裕市民代表參加的國務會議
1897,洛厄爾天文台
1898,加拿大式雙打
1899,三
1900,第二次受襲
1901,金門
1902,電氣化鐵路
1903,元胡三省註《資治通鑑》
1904,2007年
1905,中華民國實業部
1906,1966年
1907,多倫多
1908,大學生的城市
1909,約翰·洛克菲勒
1910,1920年代
1911,1596年
1912,甘迺迪
1913,阮攸
1914,孟德爾定律
1915,議會制
1916,1977年
1917,東西伯利亞喇嘛教則例
1918,莫斯科
1919,五分之一
1920,《德意志語言正字大詞典》
1921,魔獸英雄傳
1922,南肯辛頓博覽會路
1923,《渡假留香》
1924,日本
1925,硫酸是所有工業過程中必不可少的一個原材料，因此硫酸的消耗量被看做是一個國家工業化程度的一個指標。在美國硫酸是所有生產得最多的化合物
1926,法國
1927,水門事件
1928,中山
1929,閻錫山
1930,1997年
1931,托爾金
1932,龍興之地
1933,限於入境法令，中資機構人員不能取得香港永久居留權
1934,阿伊努人
1935,1937年
1936,3.8%
1937,煤炭
1938,艾森豪
1939,3400萬
1940,擊球方法
1941,帕西瓦爾·洛厄爾
1942,二二八事件
1943,紅色
1944,澎湖
1945,亞硫酸
1946,理學
1947,1998年
1948,2010年
1949,毛澤東
1950,1949年
1951,高輻射的環境
1952,維基媒體
1953,生物質
1954,1939年
1955,清朝末年
1956,城堡
1957,哲學原理研究
1958,
1959,第六次全國人口普查
1960,加勒比海
1961,1455年
1962,鄧穎超
1963,成為文藝復興時期、巴洛克時期和新古典主義時期建築界的經典
1964,傳統音樂
1965,提防燕王謀反
1966,奧地利
1967,保加利亞
1968,公有制
1969,希波大會
1970,中華民國政府
1971,1834年
1972,淋巴液，叫外淋巴。蝸管夾在前庭階與鼓階之間，亦充滿淋巴液
1973,斷罰出征，並全征燒埋銀
1974,1901年
1975,沉迷
1976,近年
1977,農歷新年時吃元宵、年糕及蘿蔔糕；在端午節
1978,解體
1979,
1980,
1981,1888年
1982,颱風
1983,
1984,無性別的宦官與宮女的結合
1985,兩個
1986,對日抗戰
1987,1989年
1988,元武宗
1989,天文學家
1990,周恩來
1991,美國
1992,國際非政府組織
1993,1991年
1994,中部科學園區
1995,中華音樂人交流協會
1996,曹議金
1997,1943年
1998,1928年
1999,收容遣送制度
2000,中國國民黨
2001,《朱啟[UNK]：「被抹掉的奠基人」》
2002,狄拉克
2003,金黃飽滿
2004,殖民經略
2005,水軍
2006,黨
2007,吸熱過程
2008,劉少奇
2009,瑞士洛桑國際管理學院
2010,
2011,著陸
2012,積極和中國大陸政府展開人權領域的對話與合作
2013,喬治•赫伯特•沃克•布希
2014,幾何學
2015,1998年1月1日
2016,《風之國度》上市
2017,蠻族事務局
2018,喇嘛教
2019,首席的元老
2020,11世紀
2021,阿普列尤斯
2022,猶太人
2023,光度
2024,被共和黨總統候選人隆納·雷根以壓倒優勢擊敗
2025,省務會議
2026,1610年1月7日
2027,荷蘭
2028,喬治亞共和國
2029,1835年
2030,六四天安門事件
2031,地面基站發射的微波訊號遠距離傳輸
2032,通俗的
2033,數百萬克耳文
2034,哭泣的
2035,1948年
2036,1987年
2037,洪堡
2038,1847年
2039,隋[UNK]帝
2040,1968年
2041,不動產
2042,寫首字母為「[UNK]·ㄎㄟ·ㄨㄞ」
2043,林肯總統
2044,養殖漢諾瓦馬、歐登堡馬和其他血統的馬是不少下薩克森邦人的業餘愛好和職業
2045,元末民變
2046,黑土地，其中一個分布在歐亞大草原
2047,軍校
2048,1599年
2049,3個
2050,
2051,吸引選票
2052,段祺瑞
2053,普魯士
2054,高句麗
2055,外蒙
2056,溧陽
2057,學會部
2058,林肯總統
2059,科什圖尼察
2060,80%
2061,確立婦女投票權
2062,500毫升
2063,永遠不會
2064,民國四年
2065,蒙古人
2066,正德十一年
2067,
2068,英語
2069,經濟學人智庫
2070,劉少奇
2071,旭烈兀得知蒙哥於南征南宋時去世
2072,瀧川
2073,莫高窟
2074,電穿孔細胞
2075,參見明朝皇帝
2076,5次
2077,1924年
2078,梁啟超
2079,稻米
2080,洋馬兒
2081,通貨膨脹
2082,1935年
2083,鹿兒島
2084,外傭
2085,坡度較高
2086,《煙霧消除法
2087,威廉·赫歇爾
2088,逃港者
2089,柏拉圖
2090,宗教法
2091,一旦與美國開戰
2092,下納瓦拉
2093,阿爾卑斯山
2094,炮兵連
2095,1957年
2096,何鳳山
2097,一億光年
2098,1995年
2099,紅矮星的閃光星
2100,日語
2101,阿爾法級別
2102,19世紀
2103,草本
2104,涵元殿
2105,奧斯卡·赫特維希
2106,1971年
2107,東普魯士
2108,段祺瑞
2109,止痛
2110,民國18年
2111,人口總數
2112,1913年
2113,法國東部
2114,灣仔
2115,拉丁語
2116,美國
2117,畢達哥拉斯
2118,愛格思海金斯公司
2119,世界的中心
2120,第53
2121,人口增長後，污染問題已經超過了街坊鄰居所能處理的範圍
2122,上海
2123,一次世界大戰時期
2124,大量安眠藥
2125,史坦波中心
2126,《科學怪人》
2127,林登·貝恩斯·詹森
2128,第一架
2129,德國
2130,布政司署
2131,江蘇淮安
2132,劉裕
2133,中共中央副主席
2134,坦克
2135,細胞膜
2136,普洱專區
2137,僱主
2138,英國倫敦溫布頓
2139,
2140,1569年
2141,佐世保最大的造船企業
2142,申城
2143,德川家
2144,河川是一個天然的水道，通常為淡水，流向海洋、湖泊或另一條河川。在少數的情況下，河川在進入另一個水體之前，會先流入地面或完全蒸發。小河流又被稱為溪流、小溪或小河。河川
2145,岩石圈
2146,香港日治時期
2147,反托拉斯法
2148,1925年
2149,1926年成立
2150,德國
2151,亞熱帶
2152,1966年
2153,日本
2154,戡亂建國教育實施綱要》
2155,朝鮮半島分裂前的官方語言韓國
2156,卡拉恰伊湖
2157,王藍
2158,南成旭
2159,東晉元帝
2160,最低層
2161,漢字
2162,絲綢之路
2163,5642米
2164,殺蟲劑中毒
2165,寮國
2166,產業工會聯合會
2167,積水潭
2168,羅曼努斯二世
2169,南奧塞提亞自治區
2170,浮動匯率制度
2171,農業
2172,秋天
2173,黑水
2174,
2175,雲南省
2176,美國
2177,扶植農業
2178,陽邁二世
2179,艾瑪·史東
2180,一大批來自原第三帝國東部的難民想要在這個地緣遼闊的邦找到棲身之地
2181,民主黨重奪眾議院與共和黨內的保守派反對坎農可議的嚴重干涉而時遭削減
2182,玉泉北路
2183,1789年
2184,280天
2185,旅遊業
2186,柏拉圖
2187,質學院
2188,2007年
2189,國家歷史文化名城
2190,維基媒體基金會
2191,一省，而總督一般負責相鄰數省事務，但總督也有負責一省
2192,布拉馬普特拉河
2193,非婚生
2194,孫中山
2195,最佳演唱團體獎
2196,無配偶身份的姬侍
2197,避開旱災和火災
2198,現代精神醫學
2199,機炮
2200,日本
2201,
2202,接合來在細胞之間
2203,第一心音
2204,李白
2205,世襲制度
2206,韓國海關
2207,奧地利
2208,2009年
2209,牛胃氣膨脹
2210,中源漾水河
2211,吠陀梵語
2212,受道家老子思想的用詞影響
2213,模特兒是英語單字的音譯，近年來網路上也音譯麻豆。模特兒
2214,印第安納大學俱樂部
2215,雷達於二次世界大戰初期開始運用於對空警戒
2216,1950年代
2217,西部縱貫公路
2218,農業
2219,東芝
2220,新北市
2221,川本芳昭
2222,敘利亞
2223,一次
2224,借高利貸來維持必要的開支
2225,遊行
2226,2002年
2227,620年
2228,民國2年2月25日
2229,
2230,現代主義
2231,天主教
2232,美利堅聯盟國
2233,泰特里庫斯一世
2234,1951年
2235,1929年
2236,數學科幻
2237,心室底壁組織
2238,菲律賓
2239,湯瑪斯·勃蘭契特·瑞德
2240,
2241,超音速
2242,[UNK]-51戰鬥機
2243,日本
2244,民國27年
2245,模擬別人的言行
2246,1903年
2247,李察·賓特利
2248,
2249,1926年
2250,僑寓州
2251,爾法學院
2252,22個非協商國則只能列席會議，不能
2253,克里米亞戰爭
2254,國防部空軍司令部
2255,北京
2256,1945年
2257,清軍
2258,日韓併合，大韓帝國滅亡，李氏王朝告終。「朝鮮」一詞本為東方古國的國名，高麗時開始將本國與「朝鮮」掛鈎
2259,1972年
2260,2013年
2261,史達林
2262,佳木斯
2263,1918年
2264,主序帶
2265,翼身融合，也就是飛翼設計的飛機也有類似的效果。1950年代的研究顯示一些塗料對於特定波長的電磁波有明顯的吸收效果，這種被稱為雷達吸波收材料
2266,
2267,聯合國人權委員會
2268,庫里爾台大會
2269,氫
2270,腿伸直
2271,賓夕法尼亞州大學
2272,環境污染
2273,穀類作物
2274,毛奇
2275,[UNK]染色體
2276,後代
2277,屬於哪一種氣候
2278,王白駒
2279,劉備
2280,第一心音和第二心音，當我們用一般的聽診器聽診，就會聽到的聲音，就是第一心音
2281,東晉元帝
2282,非金屬材料構成，而必須以全金屬，尤其是高強度的鋁合金
2283,道格拉斯
2284,玉米
2285,東羅馬帝國
2286,五個
2287,25年
2288,松花江
2289,墨西哥
2290,宋理宗
2291,太陽能電池板
2292,2017年
2293,南北韓高級別會談
2294,紅水河
2295,蒙古人種
2296,斯芬·佩斯
2297,2013年
2298,大道東
2299,6.6千兆瓦
2300,副熱帶濕潤氣候
2301,1200萬名
2302,總督
2303,1999年
2304,29.48萬
2305,1998年
2306,鞏高峰
2307,富利
2308,12個
2309,卡爾梅克人
2310,沿用科大在北京建校時所在位置的地名而來，為第一教學樓通往老北門的主幹道
2311,焦爾達諾·布魯諾
2312,國際網球協會
2313,郡縣
2314,
2315,官僚主義者階級
2316,刺史
2317,雙循環泵
2318,1180年
2319,三歲
2320,健康問題
2321,雷焦卡拉布里亞國家考古博物館
2322,阿克爾自治市
2323,香港人
2324,都市計劃
2325,西班牙
2326,布爾人
2327,胎兒與產婦的健康狀況
2328,校園一卡通
2329,下滑
2330,鄭成功稱清朝沒有誠意
2331,二氧化碳
2332,外國人光顧，尤其每當有外國軍艦訪港，上址一帶更吸引各國娼妓
2333,孫中山
2334,金銀珠寶
2335,20世紀
2336,1939年
2337,供寄遞郵件貼用的郵資憑證
2338,真實值
2339,意義上更為可貴
2340,漢江
2341,蘇維埃社會主義共和國聯盟
2342,音樂
2343,《四十二章經》
2344,東哥特人
2345,工業
2346,海因利希・弗格勒
2347,第4套人民幣紙幣還包括2圓、5角、2角和1角，2圓面值紙幣市場上已經很少出現，但官方尚未宣布停止使用，其他面值紙幣依舊流通，且在部分地區比相同面值的硬幣更受歡迎。普通硬幣分為1元、5角、1角、2角、5分、2分、1分。目前人民幣已經發行至第五套
2348,景洪市
2349,《韓國憲法》
2350,爭取陽光
2351,《失落的故事集
2352,1918年
2353,1563米
2354,原始宗教
2355,1區
2356,博物學
2357,杭州
2358,地面雜訊中找出敵機的位置
2359,1970年
2360,威廉·馮特
2361,彰化市民代表會
2362,法國大革命時期
2363,明朝
2364,2012年
2365,朱德
2366,陳元帥，神諱陳湯銘，為長樂鶴上人，以昭穆推算為玉溪陳氏第25世。相傳其急公好義，誅惡官，攜妹出海逃亡，遭水軍追捕，不願被俘
2367,漢武帝時期
2368,1963年
2369,東經
2370,英籍工程師西排立
2371,賓語
2372,較重
2373,復波前通過光學系統
2374,德國財政局
2375,1927年
2376,2014年
2377,象徵回歸的金紫荊廣場。灣仔亦曾一度擁有為數眾多的電影院
2378,2007年
2379,法國
2380,利用外交手腕防止了敵人在1760年10月前的大規模入侵
2381,羅斯托克港
2382,鞏固自己及子孫的統治
2383,蒙古語
2384,甲醇
2385,元太宗
2386,15625億
2387,印度教經文
2388,1222年
2389,904年
2390,北非作戰階段
2391,按照平均主義的方式進行分配
2392,1987年
2393,工程化核酸酶
2394,金軍
2395,28年前之智利
2396,損壞速度
2397,球皺褶
2398,曹操
2399,40年
2400,2901.3平方公里
2401,新北市
2402,郭守時
2403,反
2404,靠近中國大陸的大陸型氣候
2405,「學習偉大領袖毛澤東
2406,19世紀
2407,檀君古朝鮮
2408,順治帝
2409,最高人民會議常任委員會副委員長楊亨燮證實，金正恩將會成為北韓的第三代最高領導人
2410,清宣宗時代
2411,蒙漢兩元政治
2412,長劍
2413,三國史記
2414,四次
2415,林彪
2416,顯性文明
2417,1960年代
2418,錫克教
2419,感染的分子機制
2420,
2421,1603年
2422,一分
2423,紐格威森林
2424,2002年
2425,技術
2426,新石器時代
2427,孔齊
2428,海因里希·赫茲
2429,1958年
2430,香港特別行政區政府部門及聯合國屬下的世界氣象組織
2431,通貨膨脹
2432,1804年
2433,康樂及文化事務署
2434,35%
2435,天主教
2436,釀酒業包括葡萄酒和啤酒，食品業
2437,1958年
2438,2010年
2439,柏樹林
2440,7920公里
2441,仙台市
2442,史和平
2443,作為郵資使用過
2444,
2445,2000年
2446,義和團事變
2447,混合苦膽的酒
2448,洪武三十一年，朝鮮發生「戊寅靖社」，李成桂決定立即引退並將王位讓給二子李芳果，就是朝鮮定宗。定宗即位後便遷都回開京。建文二年
2449,起草法案
2450,2008年
2451,分工
2452,彼得二世
2453,19世紀晚期
2454,豐富銀礦
2455,合不勒汗
2456,高句麗
2457,忽必烈在位時期和中亞的察合台汗國
2458,15年
2459,49.3萬
2460,巴納德
2461,量子光學
2462,糧食
2463,哈德遜河
2464,全國地圖正保御國繪圖
2465,民國3年6月24日
2466,投保人的保險費
2467,主序帶的階段
2468,坎貝爾式
2469,港島區
2470,1230年
2471,作為神聖羅馬帝國的伯爵領地
2472,《中華人民共和國憲法》
2473,二十歲
2474,打比賽
2475,中村法道
2476,汕頭
2477,鐵穆爾
2478,391年
2479,英國精神醫學期刊
2480,1878年1月
2481,23年
2482,13小時
2483,氦
2484,國資圖旁的戰基處營區土地
2485,忽必烈
2486,巴西爾二世
2487,黑死病
2488,第二次世界大戰
2489,卡胡盧伊
2490,硫化氫
2491,氮化硫
2492,三屆
2493,1972年
2494,都市計劃
2495,色指數
2496,
2497,止痛
2498,6
2499,司馬休之
2500,煤煙消除會
2501,公民化
2502,宏碁
2503,國民政府時期
2504,海因里希·赫茲
2505,傻瓜塔
2506,朱棣
2507,海邊
2508,匹茲堡
2509,威廉·赫歇爾
2510,格子型系統
2511,《動員戡亂時期臨時條款》
2512,阿穆爾河
2513,1989年
2514,花垣鎮
2515,東部
2516,毒品
2517,7%
2518,韓國
2519,代表她連開28場與30場演唱會，事業如日中天
2520,
2521,德國
2522,天主教會
2523,卡爾·波普
2524,索契
2525,比利時
2526,重慶理工大學
2527,支持臺灣獨立
2528,新天皇光明天皇
2529,托木斯克
2530,葛摩
2531,1897年
2532,《臺灣自救運動宣言
2533,
2534,十億年
2535,1486年
2536,英國
2537,1970年代
2538,1500公里
2539,南極條約協商會議
2540,布里亞特人
2541,建炎二年
2542,民國時期
2543,1849年
2544,前279年
2545,中國大陸
2546,西元前1534年
2547,庫納巴拉班
2548,1906年
2549,釋迦牟尼
2550,1960年代
2551,1640年
2552,2002年
2553,
2554,東涌線
2555,梅艷芳是女低音
2556,1841年2月10日，紅便士宣告誕生。兩枚郵票誕生後不久
2557,1999年
2558,2005年7月21日
2559,古代
2560,國家預防腐敗局
2561,地表附近，高度愈高，風速愈大。而風能是與風速的三次方成所正比，所以風機高度愈高，發電量愈多，因此現今有許多風機的高度都超過100m。因為自然界中的風速並不穩定
2562,大學生研究計劃
2563,嘉義市彌陀路二二八紀念碑
2564,1994年
2565,王亞南教授
2566,捷船街
2567,八零年代
2568,1234年
2569,日本
2570,瑞派克路
2571,晶片廠
2572,第二代
2573,中國立法規定了選舉的自治組織中，以居民委員會和村民委員會
2574,康熙三十二年
2575,工業門類以重工業
2576,德國財政局
2577,1952年
2578,進入民主政治的運作，但過多不同族裔分據各方的政局，仍然有動盪不穩定
2579,
2580,
2581,金正恩的姑父、一度被視為北韓實際上的「二號人物」的前國防委員會副委員長張成澤
2582,特定場合而制
2583,公元10世紀
2584,1981年
2585,有「新臺北／臺北／北部新設之市」的涵義
2586,二氧化硫
2587,興十一年
2588,坑道
2589,臭氧層
2590,日本政府
2591,廣東籍
2592,羅馬帝國
2593,自由派
2594,1990年代
2595,秋明州
2596,倫敦煙霧事件
2597,賓州
2598,自由
2599,韓國
2600,不穩定性
2601,北方太平洋品種的大馬哈魚常於9－10月回到黑龍江、烏蘇里江等河中產卵
2602,亨利克萊
2603,歐美國家
2604,濟州島
2605,哈德斯菲爾德的總教練赫爾伯特·查普曼
2606,噪音過大
2607,廿八歲
2608,濟南的軍事地位極重要，若取得濟南
2609,2016年
2610,印度國民軍士兵大審判
2611,榮休教宗
2612,美日領事機構
2613,2比1
2614,參議院
2615,1861年
2616,1991年
2617,擁有領土主權
2618,1953年12月
2619,白[UNK]紀滅絕事件
2620,2008年1月27日
2621,曼莫漢·辛格
2622,刺激性
2623,七七事變
2624,激進黨
2625,1895年
2626,中華民國96年10月1日改為準直轄市，中華民國99年12月25日
2627,美茵河畔法蘭克福，是德國中西部的黑森邦
2628,昭陽湖
2629,拒絕投降
2630,帝益
2631,[UNK].[UNK]
2632,狄拉克
2633,失分
2634,鴉片戰爭
2635,特殊黨員
2636,中國文化
2637,蔡素玉
2638,加拿大
2639,工藝上的難度不獲好評
2640,鄧小平建設有中國特色社會主義理論」直接稱為「鄧小平理論
2641,2006年
2642,4個
2643,溫州
2644,下薩克森邦
2645,《宅地法》
2646,中途公園
2647,駐越美軍
2648,郵票
2649,居民。在世紀的頭十年，幾乎沒有新的房屋建成，同時高房價
2650,1849年
2651,2016年9月30日
2652,效益主義的貢獻在於定性分析幸福
2653,解放軍
2654,1946年
2655,伊斯蘭教
2656,元弘之亂
2657,8月
2658,近代宗教
2659,暴雪
2660,第二次世界大戰
2661,歐洲人
2662,理論心理學
2663,西方墨點法
2664,136.03萬人
2665,唐朝
2666,戰鬥機
2667,克列孟梭
2668,240℃
2669,中共中央和中央人民政府人民革命軍事委員會
2670,中華民國
2671,創造台中大學生的就業機會
2672,1822年
2673,特瓦族
2674,百濟個性溫和的雕塑
2675,麻州
2676,杜林
2677,庫侖阻力
2678,多數私立中式學校都面對的問題
2679,運動
2680,耶穌會
2681,西塞羅
2682,[UNK]
2683,以農養工
2684,捷克斯洛伐克
2685,2012年
2686,忠孝橋
2687,母親
2688,1861年
2689,高崗
2690,1925年
2691,海水淡化
2692,大學文憑
2693,台灣小百岳
2694,爭議性
2695,1779年
2696,馬來西亞
2697,關心人類價值和環境品質的人本主義
2698,首爾塔洞公園
2699,接納蒙古人民共和國加入聯合國，中華民國未參加表決
2700,英國
2701,公開產品
2702,3%
2703,玉米
2704,普法戰爭
2705,什錦麵
2706,供給創造需求
2707,東歐
2708,79年
2709,陳誠
2710,阿爾比派
2711,鱸形目
2712,美軍
2713,農業方面，宋真宗時推行的占城稻
2714,不滿北條氏專制政權
2715,第二個用戶儲存頁面同一段落的編輯，之後當第一個用戶嘗試儲存網頁時
2716,約翰·福特
2717,昆明公交公司
2718,2010年
2719,古典主義風格
2720,開發獨裁體制
2721,2008年
2722,納粹黨
2723,國民政府
2724,威廉二世
2725,由福建閩南地區在二戰後移居台灣
2726,漢魏故城
2727,1980年代
2728,北洋政府五色旗
2729,威廉一世
2730,接收人造衛星
2731,1668號
2732,1702年
2733,降低因為鋼纜或者是滑輪等裝置失效導致失去控制的問題
2734,英國
2735,同盟國
2736,1944年
2737,臺灣國語
2738,
2739,河運
2740,伏爾加河
2741,國際動物命名委員會
2742,黃金自由貿易
2743,歐陽玄
2744,耗資6億美元
2745,大韓帝國
2746,用於在郵件被寄出前，證明寄郵人已支付全部或部分傳遞費用
2747,第265任
2748,
2749,死亡
2750,40人
2751,阿拉瓦克印第安人
2752,發展區
2753,[UNK]集團
2754,
2755,12個
2756,蘿蔔糕
2757,伽利略
2758,1875年
2759,裏海
2760,1863年
2761,1880年
2762,1637年
2763,1804年
2764,杜林
2765,1995年
2766,毛利家
2767,1850年
2768,尹伊桑
2769,拿破崙
2770,267年
2771,早年
2772,中華人民共和國
2773,愛格思海金斯公司
2774,阿拉巴馬州
2775,2010年
2776,《名人傳
2777,劉備
2778,傑斐遜·戴維斯
2779,1867年
2780,70%
2781,狩獵採集社會
2782,制
2783,國民黨
2784,入學考試
2785,聯想到生物演化發生的機制
2786,斯拉夫化
2787,鄂圖曼
2788,1986年
2789,古代
2790,1946年11月8日
2791,制度性宗教
2792,心血管疾病
2793,中心
2794,元朝
2795,
2796,義大利戰爭
2797,1980年超級基金法
2798,中華人民共和國
2799,納粹德國
2800,募兵制
2801,1933年
2802,2015年
2803,羅禪征伐
2804,17世紀
2805,羅馬帝國
2806,《有關國軍參與海外派遣活動的法律案》
2807,大滿貫
2808,華沙
2809,伯力
2810,外交政策
2811,流音音位，只有少數種類的語言沒有流音
2812,8世紀
2813,約翰二世·科穆寧皇帝
2814,凡爾賽宮
2815,北海道帝國大學農學部
2816,19世紀
2817,信陽市
2818,地區邊界
2819,電腦介入飛控系統
2820,動物命名法
2821,2016年
2822,1789年
2823,西線方面，1235年窩闊台汗命朮赤長子拔都、貴由與蒙哥、速不台等第二代蒙古王子發起蒙古第二次西征，史稱拔都西征，總指揮
2824,國際動物命名法委員會
2825,裝瘋
2826,金靴獎
2827,齊格蒙特三世
2828,考古學
2829,莫哈梅·西亞德·巴雷
2830,萊茵河
2831,氧化亞氮
2832,批准教會內已經形成的共識」
2833,孫叔敖
2834,1387年馮勝、傅友德、藍玉等人發動第五次北伐，目標是攻占納哈出的金山
2835,稻米
2836,內燃機引擎
2837,銀熊獎
2838,近數年
2839,靜止心率
2840,中華人民共和國政府
2841,6座
2842,1989年
2843,武昌起義
2844,直接管理寺院周圍13莊政教事務
2845,殺傷力大
2846,第一波新政
2847,幾何學中，角是由兩條有公共端點的射線組成的幾何對象。這兩條射線叫做角的邊，它們的公共端點叫做角的頂點。一般的角會假設在歐幾里得平面上，但在非歐幾里得幾何
2848,1976年
2849,地球大氣層及其他天體之外的虛空區域
2850,第2758號決議案
2851,1980年代
2852,楊森
2853,1859年
2854,通過海路
2855,社團部
2856,阮彌之
2857,粵西
2858,羅斯托克港
2859,印度河文明
2860,约瑟夫·斯卡利格
2861,湖州人
2862,維多利亞港
2863,中文搜尋引擎
2864,三席，但人口卻不到多少比例而[SEP]象徵。於是在1963年11月時，馬卡李奧總統進行了一連串憲法修正欲削減一部分土耳其人的政治特權，但卻遭到土裔人民的強烈反彈，並引起族群衝突，最後導致內閣裡的土裔閣員全部退出
2865,分發式政策
2866,馬可福音
2867,12歲
2868,比利時人
2869,1000米
2870,馬關條約
2871,民主黨在兩院以及各州州長都取得了多數，1934年的選舉更進一步鞏固了多數派地位。1933年的一連串計畫被歷史學家稱為第一波新政，第一波新政基本上代表了當時大眾的普遍輿論；羅斯福
2872,大陸性季風氣侯
2873,214
2874,1席
2875,過渡時期憲法
2876,幽州
2877,段思平
2878,1957年
2879,不知道散彈槍可以發射小顆粒的霰彈，一戰中被鹿彈擊中的人實際都變成蜂窩
2880,
2881,社會學
2882,雌雄同體
2883,博物學者華萊士有關物種形成
2884,機，攔截機
2885,泰國
2886,2000年
2887,15年
2888,英國[UNK]級驅逐艦
2889,臺灣外交困境
2890,26屆
2891,武漢大學
2892,心音
2893,1989年
2894,史達林
2895,臺北市的衛星城市
2896,美國
2897,中國鐵路總公司下屬公司
2898,航宇
2899,喜歡參與社交活動
2900,齊燮元
2901,襄樊之戰
2902,亞歷山大·羅德
2903,阿卡狄烏斯
2904,9月
2905,《農書》
2906,周恩來
2907,中世紀中期
2908,
2909,突厥語
2910,台南
2911,現代精神醫學
2912,待遇或歧視
2913,1987年
2914,發願
2915,
2916,直布羅陀海峽
2917,把普選局限於男性
2918,報導企業資金動向
2919,1923年
2920,鏡廳
2921,晉安帝左右侍從密謀以毒酒毒殺安帝
2922,1949年
2923,托列斯海峽
2924,自由民主黨
2925,印度洋
2926,兩年
2927,
2928,磷礦石
2929,美國
2930,克羅埃西亞
2931,1512年
2932,消亡階段
2933,肌萎縮性脊髓側索硬化症
2934,農業生活
2935,哈德良
2936,《關於托勒密和哥白尼兩大世界體系的對話》
2937,傳送其基因組進入其他細胞，進行感染的分子機制
2938,發明
2939,種族
2940,金正日
2941,盧安達
2942,阿森納，簡稱阿森納，是一家設於倫敦霍洛威的英格蘭體育俱樂部
2943,厄爾布魯士峰
2944,南京國民政府
2945,明朝
2946,武器設計製造人才
2947,2002年
2948,
2949,50個
2950,1830年開通的英國利物浦及曼徹斯特鐵路
2951,嚴寒
2952,1874年
2953,維吾爾語
2954,金泳三
2955,擅長隨心所欲控制自己的體重
2956,新生代時期
2957,阿姆利則慘案
2958,防空海報
2959,元太祖成吉思汗
2960,電動機
2961,宗教業務
2962,
2963,內需市場
2964,高商業價值
2965,翻版金日成
2966,啟德機場
2967,奧地利
2968,日本
2969,愛爾蘭語
2970,狄拉克是出了名的精確與沉默寡言
2971,空運
2972,敦煌石窟
2973,鍾祥蘭台宮
2974,朝鮮
2975,1972年
2976,特有
2977,兩天
2978,喀喇汗國
2979,颶風戰鬥機
2980,黨內上層
2981,1932年
2982,1952年
2983,埃及
2984,2004年3月2日
2985,釣魚臺
2986,瓦特
2987,村民委員會
2988,議會大廈
2989,盟軍
2990,《韓國憲法》
2991,岳家軍
2992,宿衛軍
2993,日本花道
2994,1637年
2995,西晉
2996,西人黨
2997,民國25年4月
2998,墨西哥
2999,一次世界大戰時期
3000,大朝鮮國
3001,麥克勞林建築群
3002,熱帶稀樹草原
3003,1171年
3004,《日韓合併條約》
3005,羽柴秀吉
3006,法西斯
3007,民國四十三年
3008,眾議院選舉
3009,魏源
3010,教宗保祿六世
3011,阿拉伯宗教
3012,兩個
3013,
3014,思想多元化、商業經濟發達與交通便利
3015,先發制人入侵薩克森和波西米亞
3016,艾瑪·史東
3017,1652年
3018,第三產業
3019,自轉軸的兩極
3020,德宏州
3021,25個
3022,喬治·史蒂芬生
3023,查士丁尼一世
3024,華北平原
3025,振州
3026,
3027,李時珍
3028,舊莫比爾
3029,埃及
3030,辛亥革命
3031,東南亞資本
3032,十年
3033,伊斯蘭教
3034,「兵部右侍郎兼都察院右都御史
3035,日本天皇打破了這種局面，也表明當時的中日關係相當友好
3036,周恩來
3037,《北京條約》
3038,1976年
3039,1958年
3040,森林面積
3041,國民議會
3042,日本竹[UNK]魚
3043,
3044,生活部
3045,歐洲工業文明
3046,3766人
3047,冷戰格局
3048,300公厘
3049,蘇門達臘
3050,南宋洪邁
3051,淮安區
3052,土地
3053,靜谷
3054,2002年
3055,[UNK]
3056,西里爾字母
3057,南明
3058,中國共產黨紀律檢查機關
3059,第五大
3060,契約經濟
3061,水運
3062,張作霖
3063,保護蒙古人地位
3064,財經
3065,修正主義
3066,鑲藍旗世襲
3067,金正恩
3068,一旦與美國開戰
3069,納粹德國戰敗，根據波茨坦會議中英、美、法、蘇四國的協議，決定在德國戰敗後將其一分為四，分別由四個戰勝國
3070,唐朝至德二年
3071,哈利里德
3072,1871年1月18日
3073,劉少奇
3074,90年代
3075,溫尼伯國際機場
3076,瑞士
3077,馬克思主義的興起引致俄國成為歷史上第一個共產國家，藉由人民公社和集體利益性的方式管理人民，同時灌輸人民為國護國的愛國思想
3078,2部
3079,政府
3080,黑龍江
3081,高盧帝國
3082,昆明原機場昆明巫家壩國際機場停用。昆明長水國際機場是中國面向東南亞、南亞和連接歐亞的國家門戶樞紐機場。昆明長水國際機場
3083,秦漢時期
3084,居民委員會
3085,民國29年
3086,第二帝國時期
3087,1969年初
3088,通化市
3089,鄭成功
3090,烏茲別克斯坦
3091,玉米
3092,樺樹
3093,建設性的互補夥伴關係
3094,2006年
3095,1970年代初期
3096,法西斯主義
3097,史都華的影迷太多，不執行任務的時候他也不敢前往倫敦
3098,馬加人
3099,1938年
3100,巴西
3101,儒家思想
3102,
3103,駱克道
3104,71.7公里
3105,西羅馬帝國
3106,自律性
3107,廣電總局
3108,合不勒汗死後
3109,艾森豪
3110,檢查站
3111,通惠河
3112,雲貴高原
3113,喀喇汗國
3114,1914年
3115,紅衫軍運動
3116,平定雲南地區
3117,烏來區
3118,綠窗口
3119,電壓
3120,希臘文化
3121,幽州
3122,過多不同族裔分據各方的政局，仍然有動盪不穩定的隱憂
3123,直皖戰爭
3124,1970年代
3125,曲藝
3126,平定南昌的寧王宸濠之亂
3127,周恩來
3128,貴霜帝國
3129,1978年
3130,南海縣
3131,《華府風雲》
3132,韓國
3133,過度漢化
3134,
3135,李東陽
3136,1919年
3137,[UNK]糯
3138,橫越天空的角動量
3139,恆河
3140,第一座青天白日勳章
3141,尼古拉杜霍寧
3142,浙江紹興浙軍第二旅第六團第三連當見習官
3143,適應對外開放的需要
3144,信陽市
3145,1782年
3146,1867年
3147,
3148,美國哈佛大學
3149,美國
3150,豐田汽車
3151,政府財政撥款
3152,1918年
3153,1972年
3154,高架電纜
3155,巴拉馬利波
3156,嚴重的衝突竟然導致城東地區失火
3157,類型
3158,卡爾施塔特
3159,拉丁字母
3160,缺氧新陳代謝
3161,建國後
3162,《三國演義》
3163,黃琪翔
3164,中國人民銀行
3165,都市
3166,蓋爾人
3167,2006年
3168,土地改革
3169,[UNK].[UNK].[UNK][UNK]
3170,荷蘭皇家研究所
3171,周恩來
3172,1739年
3173,帝國自由城市
3174,柏林圍牆
3175,男子商人合營技術學院
3176,商業上的活力
3177,忻城縣
3178,西柏林一側，在東側
3179,田春蔚
3180,冬季奧運會
3181,引號中的亞屬名
3182,農礦部
3183,艾薩克·牛頓
3184,馬薩諸塞州
3185,4世紀
3186,第一個階段
3187,蘇聯
3188,麗貝卡·布蘭克
3189,田漢
3190,日本發動太平洋戰爭
3191,公元前14年
3192,同化政策
3193,莫敦梅
3194,北京
3195,1942年末
3196,文藝復興主義的一個分支[UNK][UNK]「威悉河文藝復興風格
3197,巴爾幹社會主義
3198,15年
3199,燕國
3200,俗世什一稅
3201,貨幣經濟影響
3202,后妃傳
3203,1949年
3204,匈牙利
3205,
3206,31
3207,近代小說
3208,新北市各轄區共設有一百座分館，新北市立圖書館
3209,
3210,拉彼魯茲
3211,奧圖·普萊明傑
3212,1235年
3213,
3214,火力發電廠
3215,韋利奇科·迪米特羅夫·克林
3216,2017年
3217,伊斯蘭哈里發軍隊
3218,臺北港特定區位於台北港週邊八里、林口一帶約1138公頃土地，為新北市
3219,物理光學
3220,加勒比海
3221,1929年
3222,400人
3223,鱷魚
3224,2500米
3225,三分之二多數同意
3226,客車整備
3227,被日本人鎮壓
3228,江北地區
3229,希臘文化
3230,19世紀
3231,中山
3232,匈奴人
3233,鐵穆爾
3234,倭國
3235,1949年
3236,查士丁尼一世時期
3237,會長有全體學生普選之，由會長
3238,美國國家稅務局
3239,昆明原機場昆明巫家壩國際機場
3240,豐田汽車
3241,兩棲動物的無肺[UNK][UNK]身上看出，無肺[UNK][UNK]的房間隔退化
3242,國務院、中央軍委議事協調機構
3243,魚
3244,1964年
3245,馬爾吉特
3246,13世紀
3247,星系天文學
3248,傑羅姆萊特文教授
3249,漢族
3250,24位市民代表，東區選區7席
3251,小高加索山脈
3252,全國經濟委員會接收內政部
3253,軍事科研
3254,中國共產黨紀律檢查機關
3255,運糧困難，水軍遭遇風暴
3256,民主黨人也開始支持保守派的政策。這批被稱為雷根民主黨
3257,1636年
3258,性善論
3259,進入膠著對峙狀態
3260,開發獨裁體制
3261,公元第二世紀
3262,日本
3263,大蒙古國
3264,漢朝軍事壓力
3265,1891年
3266,時間
3267,鄧小平
3268,民國39年
3269,華萊士
3270,碳融合
3271,
3272,經濟大恐慌
3273,民國四年
3274,1927年
3275,1233年
3276,2013年
3277,馬爾堡兩人就此相持不下，不能達成一致，以致新教內部各自為政。作為牧師，親自帶領蘇黎世州與瑞士其他的天主教州作戰，1530年在卡佩爾戰爭
3278,星際爭霸戰
3279,天主教阿爾巴諾羅馬城郊教區主教
3280,維多利亞湖
3281,《天體運行論》納入《禁書目錄》
3282,馬英九
3283,台北曲藝團
3284,朱允[UNK]次子朱文圭
3285,巴夏禮
3286,廣島市
3287,監理會
3288,毒品
3289,韓國網速每秒流量為14百萬位元／秒，是全球平均網速的約7倍，而美國50個州中網速最快的德拉瓦州
3290,沒有
3291,1891米
3292,馬來西亞
3293,烏爾蘇拉
3294,92%
3295,王世弟
3296,克拉斯諾亞爾斯克州
3297,物權法
3298,馬林諾夫斯基
3299,
3300,劉秉忠
3301,劉駿
3302,消極的制度治理臺灣
3303,蔣中正
3304,參考一籃子貨幣
3305,1971年
3306,1282年
3307,爭取速度上的優勢
3308,
3309,塔雷什山脈
3310,用來指揮小隊或中隊
3311,明朝
3312,動物脂肪
3313,汽車以外的交通而供用的道路
3314,奈及利亞
3315,1955年
3316,8
3317,東方帝國的皇帝，管轄一個幅員不大的拉丁帝國
3318,路易·菲利普國王
3319,中華民國政府
3320,1912年
3321,1965年
3322,碳
3323,中國通俗文化
3324,9世紀
3325,芬雅克
3326,蒙疆聯合自治政府
3327,獅子
3328,宋高宗
3329,威武陳元帥廟
3330,美元
3331,黑矮星
3332,獅子派
3333,乾隆皇帝
3334,功利主義當作倫理學的基底，源自於傑姆斯與邊沁的交情，事實上彌爾自己也與邊沁常有接觸，邊沁死後還負責整理他的著作
3335,1998年
3336,西班牙
3337,在瑞士留學
3338,成吉思汗時代
3339,其政體並未完全掌控社會經濟，就算最徹底法西斯的納粹德國也未全面壟斷國家經濟；共產主義下的獨裁政權在衰弱
3340,地中海
3341,1908年
3342,四年
3343,
3344,君士坦丁八世
3345,就地掩埋稻草，除不會製造空氣汙染
3346,1949年
3347,岳飛
3348,劉牢之
3349,三
3350,卓袱
3351,五分之四
3352,洋人
3353,民族主義復活
3354,德國
3355,拉丁字母式的「漢語拼音
3356,集安
3357,1970年
3358,與氫結成有毒化合物硫化氫後有一股臭味
3359,李·亞科卡
3360,五年
3361,可可鹼
3362,特瓦族
3363,髒層
3364,常壓下在絕對零度
3365,遺傳物質
3366,破壞歐陸均勢
3367,海什木
3368,2006年
3369,白[UNK]紀中期
3370,約翰•貝茨•克拉克獎
3371,克勞德夏農
3372,印度國民軍
3373,1932年
3374,人口較南方多出許多
3375,1964年
3376,通俗科幻小說雜誌
3377,法語
3378,政治主張
3379,2010年臺北國際花卉博覽會
3380,合肥市政府
3381,理查特里維西克
3382,一線天目前仍屬重要軍事基地
3383,彌爾
3384,《漢書》
3385,幽默
3386,普洱市毗鄰，西南與緬甸
3387,738年
3388,美國
3389,對於旅客的換乘和貨物運輸十分不利
3390,非常小
3391,1961年
3392,股份制
3393,英國
3394,田漢
3395,模特兒
3396,1284年
3397,民國27年
3398,天城體
3399,314.23萬人
3400,[UNK]
3401,聯盟合作」
3402,路易十四
3403,喬治•赫伯特•沃克•布希
3404,1935年
3405,繼續吞併全印度
3406,伊利諾州
3407,公元前240年
3408,萊布尼茨
3409,性犯罪
3410,結構性下沉而出現的槽地質構造，隨著印度河及恆河的沖積
3411,孫叔敖造田興水
3412,第二代戰鬥機的發展路線延續第一代
3413,黃大仙區
3414,忽必烈
3415,1930年代
3416,巴西爾二世
3417,元十七年
3418,工藝上的難度
3419,德川家康
3420,高速線哈大客運專線
3421,黑土地
3422,佛教
3423,恰克圖條約
3424,熱帶雨林氣候
3425,建立「1月6日獨裁」
3426,城堡
3427,淡水縣
3428,協助自殺
3429,東漢
3430,美國[UNK]電視台
3431,1985年
3432,3268年
3433,1991年
3434,11世紀
3435,郭松齡
3436,1935年
3437,歐」型恆星，半徑約為太陽的8倍，發光度
3438,政治
3439,鳩山一郎
3440,2014年
3441,抽鄉
3442,股份制
3443,2010年
3444,飛機與潛艇性能提升，以及導彈
3445,1976年
3446,稻米有稻米文明
3447,15個
3448,宋公
3449,希洛分基地
3450,漢地大都
3451,袁世凱
3452,
3453,雨果
3454,鄧小平
3455,擇偶條件變得非常高
3456,維爾紐斯
3457,民國17年1月
3458,膾炙人口的西部片
3459,雜交帶
3460,1990年代後期或以前，香港人口是男多女少，約2000年代
3461,《魔戒》
3462,1958年
3463,儒家思想
3464,1954年
3465,12架
3466,廣西廣府人
3467,1897年
3468,總理
3469,1920年
3470,元弘之亂
3471,境內玻里尼西亞鼠泛濫成災
3472,倭王權
3473,交通基建
3474,1991年
3475,約瑟夫
3476,大部分的時間都在國外生活
3477,持球手反手擊球，控制的範圍大，便於偽裝放小球，但穩定性較雙反差。雙手反拍是利用另一隻手輔助持拍手反手擊球
3478,大爆炸理論
3479,新南威爾斯學校
3480,良好行為
3481,造田興水
3482,中華人民共和國
3483,朱棣
3484,49
3485,軍隊士兵主要由穆斯林和印度教徒構成
3486,亞俄
3487,東漢
3488,1941年
3489,生命線類
3490,機場快線
3491,西撤
3492,最早的著作。隋朝時又興博物學
3493,德國
3494,威廉瓊斯
3495,威廉瓊斯
3496,公元前一世紀
3497,1974年
3498,馬祖列島
3499,交通部觀光局
3500,
3501,白犬列島
3502,燈塔
3503,緊急運輸
3504,兩小時
3505,馬祖列島
3506,陳春梅
3507,連江縣政府
3508,元宵節
3509,元宵節
3510,每年農曆九月初九重陽節
3511,馬住
3512,水煮油炸
3513,軍事重地一一捷徑
3514,觀光
3515,軍港，焙乾香的物資
3516,沙灘
3517,235歲
3518,網球
3519,體育運動
3520,
3521,主裁判
3522,主裁判
3523,
3524,
3525,國家
3526,發球上網
3527,半西方式握拍
3528,大陸式握法
3529,西方式握拍
3530,14世紀
3531,黃色網球
3532,消除是將球拍從上往下切削，使球產生下旋
3533,隨球上網
3534,生育禮堂成員的典禮
3535,草地
3536,一局比賽結束之後
3537,1-5盤
3538,得到了三分時，一般較平局
3539,一次
3540,四年
3541,四年
3542,3萬名
3543,新北市
3544,新北市
3545,臺灣鐵路管理局
3546,簡用環狀線，都與該站共構
3547,市政府交通局
3548,
3549,淡水河
3550,新北市
3551,42.00[UNK]
3552,棟樑國際海洋音樂祭
3553,新北市政府文化局
3554,2007年10月1日
3555,
3556,
3557,新北市
3558,120公里
3559,新北市
3560,瑞典博物學家卡爾玲奈
3561,耶穌傳道，也成爲了電影
3562,
3563,雅各書的作者在書信體
3564,作者身份
3565,約翰
3566,曾約翰
3567,聖經百科
3568,約翰
3569,蘇瑪麗婭
3570,索馬里蘭
3571,聯邦制
3572,說瑪利亞
3573,出資
3574,2001年3月
3575,城市的地價相對較高
3576,今天
3577,大規模永久性防禦設施
3578,城市規劃
3579,修建性詳細規劃
3580,空間規劃
3581,合併建制屬地
3582,美國郵政高得多
3583,安東尼奧王牌特工第機場爲關島門戶。官道與美國本土間未有直飛航班，直飛智能到夏威夷檀香山
3584,直飛航班，直飛智能到夏威夷檀香山。另外關島也有每日航班來往附近，北馬裏亞納羣島，菲律賓馬尼拉汗，主要遊客來源地
3585,美國海軍醫院
3586,974年
3587,死亡
3588,關島
3589,
3590,
3591,丘陵
3592,氣候相當溫暖，且各季節溫度
3593,熱帶海洋性氣候
3594,混凝土結構
3595,哈爾斯山脈
3596,一次
3597,奧斯納布魯克的前班長
3598,速食米
3599,速食米
3600,太陽
3601,太陽
3602,二疊紀
3603,加敦半島的七克蘇魯伯撞擊事件
3604,盤古大陸
3605,晚期
3606,白[UNK]紀
3607,費力組織
3608,非營利組織
3609,非營利組織
3610,會員大會
3611,展場模特兒
3612,展場模特兒
3613,少女模特兒
3614,智勇的武裝軍隊
3615,部落爲基礎設備單位
3616,政治家
3617,政治家
3618,
3619,
3620,1961年8月12日晚上開始，13日
3621,1961年10月
3622,年輕人
3623,開放時期
3624,安靜的氣氛
3625,1971年4月10日
3626,1971年4月10日
3627,44年
3628,1989年
3629,第一條
3630,德國
3631,1974年
3632,1950年代
3633,德國統一社會黨
3634,經濟體
3635,500席
3636,布拉格之春
3637,十佳心理折磨
3638,移民
3639,1950年
3640,蘇聯相似，與實行市場經濟或混合經濟的多數西方國家
3641,統一社會黨
3642,500元
3643,1985年
3644,劇院，40個教授
3645,劇院
3646,劇院
3647,1857年
3648,
3649,人文學科
3650,天主教會和部分詛咒，拒絕與東德政權合作，並不認同馬克思主義學說，主教
3651,1945年
3652,馬克思主義
3653,蘇聯
3654,聯邦德國基本法
3655,金大中
3656,釜山
3657,釜山
3658,礦物
3659,大韓航空成立於1962年，是韓國
3660,第二
3661,
3662,韓國
3663,美國
3664,美國
3665,2007年5月
3666,韓國科學技術研究院
3667,韓國
3668,韓國總統
3669,朝鮮半島和解與合
3670,儒教
3671,甲午戰爭
3672,韓國文化有韓國
3673,韓國戰爭後，韓半島的南北對峙
3674,風水
3675,三國時期
3676,民間口頭傳說
3677,日本無條件投降
3678,韓國電影
3679,韓國實現民主化
3680,1997年
3681,2000年
3682,豬肉
3683,狗
3684,韓國
3685,乳全身益生菌
3686,韓國
3687,
3688,韓國燒酒
3689,2790060
3690,2790060
3691,多倫多
3692,4月中旬
3693,27:3
3694,133公分
3695,多倫多皮爾遜國際機場
3696,多倫多皮爾遜國際機場
3697,速龍隊及楓葉隊
3698,楓葉隊
3699,多倫多證券交易所
3700,多倫多
3701,多倫多
3702,從前1500年
3703,要塞
3704,1787年
3705,1793年
3706,1793年
3707,1834年3月6日
3708,鐵路
3709,19世紀
3710,81
3711,1107萬平方公里
3712,明代
3713,晚清
3714,康熙年間至乾隆年間
3715,副都統
3716,康熙年間至乾隆年間
3717,理藩院
3718,撒韋凡部
3719,西藏
3720,住宅與達木的大蒙古八旗美琪攝一族領
3721,高句麗
3722,精英政治制度
3723,山上王
3724,麗軍
3725,司馬懿
3726,突厥
3727,突厥
3728,李世民
3729,高句麗
3730,恭喜福裕城
3731,
3732,渤海國
3733,渤海國
3734,新羅
3735,體積
3736,中醫
3737,
3738,政府機構
3739,定力日程或開支優質，然後考慮他們的影響，來選擇要採取的行動。政策可以在政治管理，財經
3740,負面情況
3741,紫色絲病非常接近民居
3742,比爾蓋茨
3743,比爾蓋茨
3744,每週功課
3745,研究型大學商陸
3746,瑪格麗特
3747,224名
3748,物理學
3749,總統科技顧問委員會
3750,47位
3751,伊拉克部長理事會
3752,路易斯委員會
3753,多元性
3754,1949年
3755,社會科學院
3756,魯本斯
3757,美術博物館
3758,65萬
3759,法蘭西人
3760,19世紀
3761,第二次世界大戰
3762,旅遊業
3763,第二大
3764,萊茵河航運中央委員會
3765,
3766,凱爾特人
3767,凱爾特人
3768,神聖羅馬帝國憲法
3769,路德會手中招給羅馬天主教
3770,馬賽曲
3771,19世紀
3772,德意志帝國
3773,高亭，四教
3774,歐洲文藝復興
3775,音樂家
3776,1650年
3777,後現代主義
3778,政治哲學
3779,城市漢國家
3780,柏拉圖
3781,基督教
3782,馬基維利
3783,蘇聯時期
3784,電力
3785,四川省
3786,成都平原
3787,峨眉山
3788,宋朝時改設嘉定府。元朝時改嘉定府路。明朝
3789,嘉定府
3790,中世紀
3791,哈康五世
3792,
3793,黑死病
3794,挪威
3795,1814年
3796,工業化進程
3797,新城區
3798,1854年
3799,火車站
3800,商朝時期
3801,商朝時期
3802,郡縣制
3803,
3804,布爾什維克民兵在共和國革命軍事委員會主席，托洛斯基喊紅軍總司令，約阿基姆，我採集師
3805,9月6日
3806,漢軍級指揮官
3807,扣留家屬爲人質
3808,蘇聯漢芬蘭
3809,莫斯科和平協定
3810,蘇聯漢芬蘭
3811,德意志國防軍
3812,蘇聯政府
3813,納粹
3814,德意志國防軍
3815,候補中央委員
3816,三個月
3817,解放軍
3818,小金門國軍駐軍號及廈門市教黃厝村塔頭社
3819,美國第七艦隊
3820,蔡英文
3821,蔡英文
3822,1912年
3823,國共內戰時期
3824,國共內戰時期
3825,國民黨型瘦身中山去世後，共產黨員在國民黨
3826,汪精衛
3827,1930年
3828,西安事變
3829,1945年
3830,渡江戰役
3831,1955年
3832,廣州
3833,國共合作
3834,北伐必敗論
3835,盧溝橋事變
3836,中共
3837,中共
3838,攻速
3839,惡劣天氣
3840,1985年
3841,烏拉圭世界盃
3842,加林查
3843,1958年
3844,
3845,蜜露
3846,1998年世界盃金球獎
3847,1998年
3848,2012年倫敦奧運
3849,2014年世界盃
3850,第二波新政
3851,民主黨
3852,7月
3853,德懷特艾森豪
3854,豬灣入侵
3855,美國
3856,
3857,南方白人
3858,南方白人
3859,理查德克森
3860,埃莉諾羅斯福
3861,德州
3862,黑人
3863,能源部
3864,通信
3865,維吉尼亞州
3866,白人男性
3867,共和黨革命
3868,加拿大
3869,政治醜聞
3870,史蒂芬道格拉斯
3871,凡爾賽條約
3872,威爾遜
3873,bac協議
3874,第37次
3875,2010年
3876,聯合國祕書長潘基文
3877,9月25日
3878,無人飛機
3879,2010年
3880,凹陷
3881,礦泉
3882,1100公尺
3883,
3884,1923年
3885,亞塞拜然
3886,蘇聯
3887,亞塞拜然人
3888,赫哲族
3889,唐代
3890,唐玄宗
3891,1284年
3892,努兒乾地方
3893,明朝
3894,二妹公司
3895,江戶幕府
3896,嘉禾二年
3897,孫權
3898,孫權封哥據遼東的公孫淵
3899,
3900,梅雨時期
3901,2010年
3902,九州旅客鐵道
3903,舊石器時代
3904,最大的前方後圓墳
3905,雙流股份
3906,
3907,長期新地
3908,葡萄牙人
3909,斯洛文尼亞
3910,克羅埃西亞
3911,塞爾維亞克拉伊納共和國
3912,克羅埃西亞主義
3913,1992年
3914,馬其頓共和國
3915,南斯拉夫反法西斯人民解放委員會
3916,1945年
3917,2月底，無預警的中斷兩國之間的貿易條約，3月
3918,共產黨情報局的指責反擊，核工部，蘇聯兩國的往返信件，雖然珠簾召集了其他東方集團國家予以責備，但最終地圖勝利，其立場穩固，並獲得中央委員會
3919,會主義
3920,會主義體制
3921,1980年
3922,失業率攀升，外債高足
3923,分配地方權力
3924,遺傳物質技術
3925,生物技術
3926,基因工程
3927,2003年12月，首先在美國銷售。遺傳工程技術與應用於許多領域，包括研究農業，工業，生物技術和醫學。用於洗衣洗地機和藥物如胰島素，和人生長激素的美，現在在基因轉殖細胞中製造，實驗性基因
3928,生物技術
3929,增加器官移植成功率
3930,凝血因子
3931,小鼠雜交瘤
3932,選擇育種，和其他人工選擇手段
3933,重組[UNK]酸技術
3934,基因轉殖生物
3935,同源基因
3936,加拿大
3937,美國憲法
3938,17歲
3939,父母同意
3940,國家安全會議
3941,美國國土安全部
3942,水泥
3943,複合材料
3944,天南土木建築
3945,洋灰
3946,可塑性
3947,孔明車
3948,臺灣
3949,45公里
3950,亞當斯密
3951,盈餘
3952,
3953,倫敦
3954,安全
3955,丁磊
3956,出售郵件系統軟體授權
3957,163.com
3958,網際網路泡沫破滅
3959,2002年
3960,分析通訊系統
3961,發信機頻道
3962,意見
3963,自殺
3964,精神障礙
3965,精神障礙
3966,吸菸
3967,華北地區
3968,世兵制
3969,泰晤士報
3970,泰晤士報
3971,倫敦時報
3972,保守黨
3973,雅德里安堡戰役
3974,476年
3975,毒帝國
3976,阿瓦爾人
3977,帕多西亞
3978,廣州
3979,神話人物黃帝
3980,宋教仁
3981,低於50公里
3982,首位
3983,投誠
3984,黃永芹
3985,黃永芹
3986,水利
3987,農家
3988,選區
3989,江志強
3990,1890年
3991,李達
3992,法國
3993,2013年
3994,威廉吉爾伯特
3995,吉爾古特
3996,班傑明富蘭克林
3997,班傑明富蘭克林
3998,帕納斯的琥珀摩擦實驗
3999,熱能
4000,同級發電機
4001,蒸汽渦輪發動機將熱能轉換成動力
4002,
4003,最佳作品獎
4004,非預定
4005,五部
4006,美國電影藝術與科學學院
4007,普勞圖斯
4008,更具成熟追求形式的完美
4009,共和時代
4010,1610年，伽利略觀測這四個衛星，多日發現
4011,四
4012,距離比較遠
4013,七天三小時
4014,公元前3500年到公元前1000年
4015,恆河
4016,尼羅河
4017,恆河
4018,美國電影藝術與科學學院
4019,奧斯卡金像獎
4020,奧斯卡金像獎
4021,西德尼斯科爾斯基
4022,奧斯卡小金人
4023,審委員
4024,1939年
4025,上海盛業大廈大學
4026,東營廈門大學
4027,女生二人是爲廈大男女同校之時。1923年，東營廈門大學教師教學質量不好
4028,戊戌變法是木
4029,梁啓超
4030,徐才厚
4031,徐才厚
4032,蘇聯
4033,誘騙康有爲的人於光緒
4034,康有爲
4035,義和拳
4036,康有爲
4037,2007年
4038,21196.18公里
4039,春秋戰國時代
4040,漢長城
4041,戈壁沙漠
4042,漢代
4043,朝鮮平壤
4044,突厥
4045,明朝
4046,點燃煙火
4047,大漠深處
4048,中英煙臺條約
4049,中英簽訂新訂煙臺條約
4050,重慶
4051,重慶
4052,重慶主城區
4053,抗日戰爭
4054,重慶
4055,火災
4056,中央直轄市
4057,成渝鐵路
4058,兵工廠
4059,沙坪壩公園
4060,重慶
4061,重慶直轄市政府機構
4062,榨菜
4063,第七
4064,子工業
4065,富士康產業基地
4066,馬關條約
4067,更換損壞莊稼
4068,土製裝甲
4069,高爆反坦克彈
4070,分散撞擊的能量
4071,格名稱
4072,陳水扁
4073,2005年
4074,巡撫
4075,中國共產黨
4076,加拿大總督，澳大利亞總督，新南威爾士總督應用15，哥倫比亞總督。漢字文化圈的日本，在甲午戰爭打敗清朝1895年馬關條約後，設有臺灣總督遺址，1910年，日韓
4077,1895年
4078,美國聯邦最高法院
4079,反對同性婚姻的人
4080,兄弟姐妹
4081,1995年
4082,單身收養制度
4083,400萬
4084,[UNK]總量
4085,[UNK]總量，騰訊會員的直接經濟
4086,荷蘭
4087,荷蘭
4088,21個
4089,1884年
4090,德國
4091,1939年
4092,1929年
4093,貝爾德
4094,水星火星
4095,60歲
4096,將軍
4097,英國
4098,1989年
4099,波蘭
4100,綠島
4101,
4102,
4103,跳格子遊戲
4104,對19世紀維多利亞社會中瀰漫着的強制性道德主義的反抗
4105,19世紀
4106,大般若經
4107,玄奘法師
4108,宋朝
4109,東吳大學
4110,2014年
4111,可以
4112,閩南語
4113,1945年
4114,1959年
4115,1942年
4116,1942年
4117,劉華
4118,美國電影學會
4119,1946年
4120,1946年
4121,1948年
4122,小白兔
4123,優秀西部片演員
4124,1945年
4125,最高榮譽
4126,1945年
4127,2008年5月20日前，美國影藝學院主席西德甘尼斯撰文，紀念詹姆斯史都華的百歲誕辰。2008年
4128,美國影藝學院
4129,求婚喔
4130,1949年
4131,基督教長老教會
4132,
4133,政治
4134,1939年
4135,上流社會
4136,豐臣秀吉
4137,1592年
4138,岩石圈
4139,衰變加熱
4140,太平洋
4141,一個月
4142,血壓計
4143,心臟病
4144,生產地
4145,英國
4146,日本
4147,1984年
4148,1984年
4149,1789年
4150,安醫龍
4151,1868年
4152,1868年
4153,北海道阿伊努協會
4154,釣魚臺
4155,山羊
4156,適應釣魚臺位於海上強風的自然環境
4157,釣魚臺主權的爭議
4158,15世紀
4159,1918年
4160,1909年
4161,古賀辰四郎也因爲其與養殖業
4162,航路標誌法
4163,1月14日
4164,1857年
4165,巴麥尊
4166,巴麥尊
4167,1858年
4168,6月13日晚18日
4169,2011年
4170,鄂霍次克海
4171,東芝
4172,來自晶片及半導體部門的虛假營銷
4173,1984年
4174,2006年
4175,第二次世界大戰
4176,公元372年
4177,北魏藝術風格
4178,印度佛教文化
4179,印尼包瓜子娃娃與巴厘島
4180,圓形
4181,風格上混雜
4182,12世紀
4183,水墨畫
4184,漢明帝
4185,
4186,南北朝時期
4187,文靜肅穆
4188,唐代
4189,高窟壁畫主要有佛像，說教故事，佛教史籍，經，變相怪供養人，裝飾圖案等七類題材。由於莫高窟
4190,莫高窟
4191,約翰弗雷德裏克
4192,1826年
4193,君主制
4194,匈牙利
4195,激進黨
4196,政治原因被監禁
4197,1925
4198,拉丁文
4199,倭寇
4200,清同治年間
4201,清同治年間
4202,愛情萬歲
4203,
4204,2001年
4205,進入義工隊服役
4206,
4207,
4208,貝爾福地區
4209,1906年
4210,皇家自由醫院
4211,皇家自由醫院
4212,1906年
4213,著名校園建築
4214,理事會
4215,教務長
4216,中國民主建國會
4217,文化教育界高級人士
4218,文化教育界
4219,宋慶齡
4220,1945年
4221,國際聯盟
4222,58個
4223,凡爾賽條約
4224,1960年
4225,1960年
4226,外圍賽
4227,世界盃足球賽
4228,西班牙
4229,抽籤
4230,1927年
4231,1927年
4232,法國
4233,捷克斯洛伐克
4234,地區性國際政治組織
4235,非洲
4236,內蒙古自治區
4237,關內
4238,朝陽市
4239,四個
4240,國防大臣，三軍司令由現役四星上將者
4241,募兵制
4242,波斯灣東南岸
4243,航空業
4244,商業
4245,英國
4246,1820年
4247,珍珠出口
4248,1966年
4249,1975年
4250,2006年
4251,2006年
4252,皇家法律
4253,2014年
4254,綠線
4255,1947年
4256,非裔美國人
4257,1960年
4258,法律制裁
4259,募兵以後，人招收不到足夠士兵時才使用的手段，強迫某些羅馬公民入伍，如不接受，將會導致法律制裁。由於募兵一般都能滿足病人需求，徵兵情況就很少發生了，而且使用這種強迫式的手法，會使羅馬公民感到非常不滿，實際上的這種情景就更少了。但是輔助軍團的士兵來源就不那麼懷舊了。共和末期
4260,羅馬公民權
4261,奧古斯都
4262,軍隊的薪水
4263,百夫長
4264,壽張縣
4265,1952年
4266,黃河鐵路公路大橋
4267,1952年
4268,南國農
4269,蕭樹滋
4270,李克東
4271,李克東
4272,饅頭
4273,
4274,饅頭
4275,懷化市
4276,丘陵
4277,海拔
4278,西德
4279,磚石
4280,分隔東西歐的鐵幕
4281,柏林圍牆
4282,四個
4283,1949年
4284,1949年
4285,1961年
4286,東德領導人
4287,客座教授
4288,肝癌
4289,1978年
4290,1978年
4291,1978年
4292,國際奧委會第48屆年會
4293,中華人民共和國代表團
4294,宋美齡
4295,分離主義
4296,李烈鈞
4297,網速會
4298,軍事委員會
4299,肝臟
4300,一箇中樞神經系統興奮劑
4301,麥角胺
4302,英國
4303,1714年
4304,英國
4305,中國鐵道部
4306,文化大革命
4307,漢韻盈
4308,中國鐵道部
4309,暴打胡亂
4310,1998年
4311,博覽館站
4312,九龍站
4313,廠家
4314,南鎮，冰川漢網，統一天下後，一身汗微博號
4315,漢江流域
4316,中原降水
4317,私立研究型
4318,1740年
4319,華頓商學院
4320,第四
4321,唐朝
4322,劍橋大學
4323,92英畝
4324,獸醫學院
4325,雨水
4326,露點溫度
4327,克里米亞半島
4328,
4329,1920年
4330,一年
4331,俄羅斯聯邦
4332,共和國元首
4333,第二次世界大戰
4334,中南海
4335,明代
4336,中南海
4337,東海
4338,袁世凱
4339,袁世凱
4340,中南海
4341,新華門
4342,1975年
4343,彰化市
4344,1975年
4345,平原區
4346,1959年
4347,縣轄市自治
4348,花蓮市
4349,四年
4350,市政會議
4351,加入歐盟
4352,基督教
4353,1386年
4354,723公里
4355,河流
4356,723公里
4357,俄羅斯
4358,農業
4359,計劃經濟
4360,2006年
4361,拜占庭
4362,地震
4363,1923年9月1日
4364,1923年
4365,九龍寨城
4366,九龍城
4367,1998年
4368,九龍城區
4369,
4370,1917年
4371,一個月
4372,保定軍官學校
4373,1934年
4374,蔣中正
4375,程程真
4376,廣州行營
4377,西班牙語
4378,83.4%
4379,黃河
4380,山地
4381,1914年
4382,修水縣
4383,49.2%
4384,3.92萬畝
4385,3.92萬畝
4386,喜馬拉雅山
4387,6656米
4388,喜馬拉雅山脈
4389,庚子賠款
4390,諾伊大學
4391,1943年
4392,1899年
4393,人類
4394,人類
4395,高隆基
4396,社會主義市場經濟體制
4397,金正恩
4398,2009年
4399,金正恩
4400,第149位
4401,卡蓋拉河
4402,2006年
4403,水力
4404,每平方公里土地
4405,1974年
4406,歌舞團
4407,聯合國
4408,乞丐
4409,君主制
4410,特瓦族
4411,1999年
4412,
4413,2010年
4414,央視網
4415,1988年
4416,2009年初啓用。據參考消息報道，該大樓因其外形而被中國人戲稱爲，大褲衩，有媒體指，央視正在內部徵集正式名稱。2009年元宵節
4417,被動
4418,文化文本
4419,一個消費者可以挪用
4420,58勝24負
4421,紐約尼克
4422,紐約尼克
4423,2003年
4424,61勝21負
4425,2004年
4426,真人
4427,道士
4428,正一派
4429,正一派
4430,英國
4431,約翰羅納德魯埃爾托爾金
4432,
4433,芬蘭民族
4434,1915年
4435,1915年
4436,1815年
4437,1934年
4438,野生動物
4439,人權狀況
4440,20世紀
4441,20世紀初，還是君主制的國家，相對於擁有兩三百年甚至更長的君主立憲制和共和制的西方國家，中國在人權領域起步較晚。清末民初
4442,王怡
4443,戶籍制度
4444,勞動保障
4445,六四事件
4446,人權觀主要是指人的生存權
4447,中華人民共和國外交部發言人
4448,中華人民共和國外交部發言人
4449,中國
4450,立法規劃
4451,苦修隱居
4452,蔣中正
4453,畜牧業
4454,產品
4455,解體
4456,19世紀
4457,拿破崙
4458,清發程度
4459,1857年
4460,1862年
4461,爆發
4462,1870年
4463,德意志帝國
4464,一年
4465,1851年
4466,實權
4467,限制了普選權
4468,中華人民共和國
4469,2000年
4470,戰國時期
4471,熱月
4472,都江堰
4473,中國大陸
4474,問你伯
4475,溫尼伯湖
4476,冰河時期
4477,製造箭頭
4478,1611年
4479,蘇維埃俄國政府
4480,2003年
4481,航空運輸
4482,空鐵聯運
4483,空鐵良
4484,2395平方公里
4485,鶴慶縣
4486,50米
4487,衝鋒槍
4488,卡賓槍概念，也接近後來的個人防衛武器
4489,可以
4490,德國
4491,第一次世界大戰當中的[UNK]壕戰
4492,美國
4493,伊朗
4494,1980年
4495,陝西省
4496,長江水系
4497,山嶺山間盆地
4498,副熱帶季風氣候
4499,常綠闊葉木本植物
4500,對秦嶺山麓的描寫
4501,1912年
4502,第一次世界大戰
4503,第一次世界大戰
4504,日治時期
4505,1927年
4506,九一八事變，入侵中國東北，扶植傀儡國家，滿洲國在於1932年，在上海發動一二八事變
4507,中日戰爭
4508,修改日美安保條約
4509,修改日美安保條約
4510,健康
4511,田中角榮
4512,貪污醜聞
4513,
4514,日本社會黨
4515,平成時代
4516,飛鳥時代
4517,派遣使節和留學生到隋朝學習
4518,710年
4519,天武天皇時期
4520,澳洲徵戰
4521,1185年
4522,北條時政
4523,女媧
4524,是伏羲的妹妹與配偶，人首蛇身
4525,人類始祖
4526,物理化學
4527,統計力學
4528,1977年
4529,北美洲
4530,空氣稀薄的山區
4531,1534年
4532,葡萄牙
4533,方濟各沙勿略
4534,印度
4535,朱迪
4536,
4537,河北戰事不利
4538,七月初十
4539,保定
4540,朱莉
4541,873人
4542,近年之一時，朱莉得到了很多來自宦官的幫助
4543,擊敗武高
4544,朱晨
4545,
4546,朱麗
4547,潮州體育館
4548,籃球特招生，而龍舟賽
4549,潮州市體委
4550,中國四大古橋
4551,2001年
4552,亞熱帶海洋性季風氣候
4553,李清
4554,漢字
4555,2008年成爲兩岸首批滬通開放港口
4556,1995年
4557,14800日元
4558,1995年
4559,民族主義
4560,12億
4561,蘇丹
4562,賓夕法尼亞州
4563,皮之寶
4564,2006年
4565,
4566,石灰石
4567,意識到
4568,匹茲堡
4569,文藝復興時期
4570,
4571,米開蘭，基羅
4572,意大利
4573,積極進攻戰術
4574,薩爾瓦託雷，基拉奇
4575,中國南海
4576,瑚島
4577,國共內戰
4578,日本
4579,法國
4580,王世傑
4581,1949年第二次國共內戰失利後，中華民國政府退守臺灣，但中華民國政府並未放棄對西沙羣島的主權。雖然已失去對西沙的實際控制權，但中華民國政府人把西沙羣島換入臺灣高雄市的管合區
4582,1950年
4583,美國公路邊的加油站附屬小店
4584,1930年
4585,
4586,阿斯頓公園球場
4587,阿斯頓維拉
4588,
4589,兩年
4590,1993年
4591,1918年
4592,嘉靖九年
4593,三層
4594,祈年殿
4595,七星石
4596,哥倫比亞波哥大
4597,哥倫比亞波哥大
4598,1859年
4599,生物演化的重要著作，出版於1859年。該書是一九世紀最具爭議的著作之一，其中的觀點
4600,
4601,二次大戰
4602,住宅區及清醒工業區
4603,工廠
4604,2009年
4605,25個
4606,赫斯特
4607,岳飛
4608,周之偉
4609,完顏宗弼
4610,後勤的問題，岳飛只能將主力撤回
4611,不能
4612,邵球帶
4613,水準測量
4614,莫須有
4615,岳家
4616,大興縣
4617,5月28日
4618,公元前216年
4619,大興區
4620,河洛
4621,甲午戰爭
4622,臺灣西部
4623,馬關條約
4624,50年
4625,
4626,1980年代
4627,1980年
4628,民主化，與臺灣本土化
4629,1996年
4630,李登輝
4631,李登輝
4632,臺灣爲中心的多元文化主義
4633,葡萄牙語
4634,海拔高度
4635,針葉林
4636,1972年
4637,地點
4638,1972年
4639,戰略地位
4640,蔣經國時代
4641,擺脫石油危機
4642,1987年
4643,臺灣政黨
4644,臺灣日治時期
4645,21個
4646,中華人民共和國
4647,北京pa07克運動會
4648,觀察員
4649,2008年
4650,中華民國國際經濟合作協會
4651,中華民國國際經濟合作協會
4652,1995年
4653,元宵節
4654,元宵節
4655,臺灣廟宇香火鼎盛
4656,清治時期
4657,
4658,零食
4659,客家語
4660,1932年
4661,詞語不通
4662,臺灣之光
4663,16世紀
4664,明朝
4665,27個
4666,抽象化
4667,二戰
4668,返工愛國
4669,中華隊
4670,臺灣
4671,巧固球
4672,臺灣
4673,毒素特別敏感
4674,公共衛生問題
4675,驅散棲息
4676,
4677,四川省
4678,佛教
4679,粵語是漢語在廣東和廣西地區形成的方言，也是這一地區的通用語。又被稱爲廣東話
4680,粵語
4681,漢朝
4682,瑞士
4683,瑞士
4684,阿爾卑斯山脈
4685,荷蘭
4686,1948年
4687,德國
4688,德國
4689,英國
4690,英國
4691,混合動力技術
4692,國家郵政局
4693,1995年
4694,1995年
4695,220名
4696,1972年
4697,1970年
4698,田納西州
4699,1998年
4700,喬利伯曼
4701,2008年
4702,英國
4703,
4704,1999年
4705,1999年
4706,狄拉克
4707,佛羅里達
4708,狄拉克
4709,科本哈根
4710,真空極化的概念。對於下一個時代的理論學者，施溫格費曼，朝永盛蘭黛生的人而言，正工作室量子
4711,1930年
4712,不想出名
4713,宇宙學
4714,1937年
4715,佛教
4716,天道
4717,佛教被認爲發展漢影身了，其一認爲生命會以不同的面貌還行，是不斷在六道出生死亡
4718,很快的增長
4719,無法利用的資源
4720,洋務運動
4721,蔣公玉棟
4722,亞歷山大大帝圖書館
4723,啓蒙時期
4724,十字軍東征
4725,歐洲
4726,宗教激進主義
4727,上科學革命
4728,承兌論
4729,劉銘傳
4730,舊金山和約
4731,周恩來
4732,支持日本關于歸還領土的要求是中國的一貫政策
4733,中國大陸
4734,公元三世紀
4735,張一俊
4736,1992年
4737,俄羅斯聯邦沒有完全接替該國，最後仍爲俄羅斯聯邦主體之一
4738,1992年
4739,1944年
4740,普京
4741,蘇聯
4742,口氣
4743,1.0
4744,增加食物中毒
4745,經濟海域
4746,澳洲爲四面環海之島行大陸，處女吧，波妞，楊妞，幾內亞
4747,澳洲爲四面環海之島行大陸，處女吧，波妞，楊妞，幾內亞
4748,下議院
4749,五年
4750,信任案，不信任案
4751,愛爾蘭
4752,
4753,亨利八世
4754,國內的貴族政治與神職人員影響重大
4755,需對，權力來源的選民負責
4756,委託人
4757,宋代
4758,蘇菲派
4759,北高加索
4760,一二八事變
4761,1932年
4762,日軍
4763,1983年
4764,1983年
4765,江澤民
4766,北區
4767,1984年
4768,華東建築設計院
4769,軟西候車入口
4770,避免購票人羣與進出站人羣的對衝
4771,福建籍
4772,28名
4773,新加坡
4774,2004年
4775,購物區
4776,南陽敏
4777,香港
4778,
4779,測魚涌堂樓區
4780,廣東明明系
4781,北宋
4782,明細，但如有潮州
4783,六七暴動後的香港運動
4784,1950年
4785,東區
4786,荃灣新市鎮
4787,
4788,鹽田沙子
4789,荃灣
4790,廣東
4791,1945年
4792,由大陸移居
4793,中西區
4794,中西區
4795,潮州人
4796,語言相約
4797,英國
4798,印尼
4799,閩南人
4800,李嘉誠
4801,歐洲
4802,太平天國戰亂
4803,商業區
4804,大量廣州人因太平天國戰亂涌入九龍，而來港的人口又以男性比例較多
4805,1970年
4806,商業
4807,山水瘦肉粥街
4808,1960年代
4809,
4810,13%
4811,青龍教
4812,活產男嬰
4813,7121人
4814,1161
4815,1954年
4816,加強鞏固對臺灣本島的防守
4817,臺灣
4818,撤退行動命名爲金剛計劃
4819,蘇聯政府
4820,四天
4821,海洋
4822,臺東市
4823,鯉魚山
4824,劉銘傳
4825,1976年
4826,宋慶齡
4827,取決於擔任者在中國共產黨內的地位
4828,1975年
4829,馬利亞金庫塔斯
4830,新石器時代
4831,鼓吹民族民主革命
4832,民國17年
4833,民國17年
4834,民國34年
4835,晉冀魯豫漢中原解放區
4836,日[UNK]軍
4837,湖北省
4838,石碑鎮
4839,王守仁
4840,南京
4841,假宣傳假情報
4842,取得勝利
4843,機務兵
4844,正德16年
4845,高原
4846,1-2公里
4847,南極
4848,斷層
4849,聯邦總理
4850,經聯邦總統任命
4851,1871年
4852,互相制衡作用
4853,總統和內閣行使
4854,約翰洛克
4855,美國
4856,國民議會
4857,1974年
4858,受到1974年葡萄牙康乃馨革命
4859,孫中山
4860,考試監察
4861,憲法修改
4862,國防部
4863,12架
4864,中華人民共和國
4865,安徽省
4866,一處
4867,巴士海峽，一百先接臺灣的蘭嶼及臺灣南端恆春半島，應當先接楊冪到雞巴丹羣島，把單純到一輛v8卜延村道，再往南則爲呂宋島
4868,美國工業工程師學會
4869,服務換廠
4870,
4871,美國工業工程師學會在1955年對工業工程作出定義，工業工程是綜合應用數學，應用物理喊社會科學
4872,星期日南華早報
4873,1971年
4874,1971年
4875,日本
4876,普萊斯
4877,2006年
4878,電訊盈科
4879,不哥
4880,蒙哥汗去世
4881,佈新王朝
4882,元世祖
4883,1668年
4884,沒收已解決朝廷的財政問題
4885,男人藏有大量財物，一沒收已解決朝廷的財政問題
4886,1260年
4887,忽必烈
4888,1260年
4889,忽必烈
4890,順天
4891,福建
4892,徹底掃除北元勢力
4893,1388年
4894,農村
4895,刑審
4896,1260年
4897,1234年
4898,法國
4899,1253年
4900,馬可波羅遊記
4901,1217年
4902,蒙古軍
4903,官田
4904,自然災害
4905,自然災害
4906,畜牧業
4907,林百欣先生
4908,林百欣
4909,專賣政策
4910,元朝
4911,宋元時期
4912,元朝
4913,王卓創
4914,伊斯蘭教
4915,潛伏許多西域回教國家
4916,王羲之
4917,草書
4918,趙夢瑤
4919,元朝
4920,豪薩富拉尼約魯巴
4921,約魯巴
4922,沖積平原
4923,
4924,石油出口
4925,北京
4926,燕京大學
4927,中國協和醫學院
4928,中華人民共和國
4929,中華人民共和國政府
4930,2005年
4931,武力解決
4932,1970年代
4933,中國大陸
4934,經濟轉型
4935,2002年
4936,1990年代
4937,家庭結構也隨之變化小
4938,1970年代
4939,臺灣原住民族
4940,1947年
4941,1950年代
4942,高雄市
4943,美麗島事件
4944,1999年
4945,19世紀
4946,全球產業革命
4947,奧斯曼伊斯蘭政權
4948,阿姆利則慘案
4949,新國
4950,後勤補給的中斷
4951,犯的罪行
4952,白色抗爭
4953,1997年
4954,1950年代
4955,1950年代
4956,三季隊
